user_id,played_at,song_id,title,artist_name,genre
00000000-0000-0000-0000-0000000003e9,2024-01-17 16:18:00,s036,Minor Key,The Wandering Keys,Jazz
00000000-0000-0000-0000-0000000003e9,2024-01-24 00:09:00,s034,Salt Air,Glass Harbor,Ambient
00000000-0000-0000-0000-0000000003e9,2024-02-11 15:28:00,s016,Desert Dawn,Sol Collective,Folk
00000000-0000-0000-0000-0000000003e9,2024-02-26 17:15:00,s034,Salt Air,Glass Harbor,Ambient
00000000-0000-0000-0000-0000000003e9,2024-03-19 23:53:00,s014,Glass Mural,The Velvet Underground Revival,Indie Rock
00000000-0000-0000-0000-0000000003e9,2024-03-20 10:21:00,s050,Monsoon,Desert Bloom,Folk
00000000-0000-0000-0000-0000000003e9,2024-03-24 01:33:00,s011,Pale Curtain,The Velvet Underground Revival,Indie Rock
00000000-0000-0000-0000-0000000003e9,2024-04-25 15:03:00,s038,The Cadenza,The Wandering Keys,Jazz
00000000-0000-0000-0000-0000000003e9,2024-05-29 15:58:00,s023,Latitude Blues,Midnight Atlas,Indie Rock
00000000-0000-0000-0000-0000000003e9,2024-06-03 23:49:00,s041,Dead Channel,Lunar Static,Electronic
00000000-0000-0000-0000-0000000003e9,2024-06-25 05:25:00,s044,Noise Floor,Lunar Static,Electronic
00000000-0000-0000-0000-0000000003e9,2024-07-09 17:17:00,s015,Slow Burn,The Velvet Underground Revival,Indie Rock
00000000-0000-0000-0000-0000000003e9,2024-07-14 10:09:00,s015,Slow Burn,The Velvet Underground Revival,Indie Rock
00000000-0000-0000-0000-0000000003e9,2024-08-26 15:50:00,s047,Cactus Flower,Desert Bloom,Folk
00000000-0000-0000-0000-0000000003e9,2024-10-09 18:04:00,s001,Northern Lights,Aurora Skies,Ambient
00000000-0000-0000-0000-0000000003e9,2024-10-10 00:32:00,s004,Midnight Sun,Aurora Skies,Ambient
00000000-0000-0000-0000-0000000003e9,2024-10-13 15:42:00,s020,Ochre Light,Sol Collective,Folk
00000000-0000-0000-0000-0000000003e9,2024-10-13 16:05:00,s033,The Pier,Glass Harbor,Ambient
00000000-0000-0000-0000-0000000003e9,2024-10-16 06:58:00,s045,White Static,Lunar Static,Electronic
00000000-0000-0000-0000-0000000003e9,2024-10-17 10:52:00,s019,The Long Road,Sol Collective,Folk
00000000-0000-0000-0000-0000000003e9,2024-10-24 15:53:00,s036,Minor Key,The Wandering Keys,Jazz
00000000-0000-0000-0000-0000000003e9,2024-10-26 03:44:00,s050,Monsoon,Desert Bloom,Folk
00000000-0000-0000-0000-0000000003e9,2024-11-07 00:25:00,s012,Sunday Haze,The Velvet Underground Revival,Indie Rock
00000000-0000-0000-0000-0000000003e9,2024-11-09 12:11:00,s031,Still Water,Glass Harbor,Ambient
00000000-0000-0000-0000-0000000003e9,2024-11-23 01:03:00,s047,Cactus Flower,Desert Bloom,Folk
00000000-0000-0000-0000-0000000003e9,2024-12-05 21:20:00,s004,Midnight Sun,Aurora Skies,Ambient
00000000-0000-0000-0000-0000000003e9,2024-12-10 14:37:00,s008,Signal Lost,Neon Drift,Electronic
00000000-0000-0000-0000-0000000003e9,2024-12-11 12:47:00,s042,Frequency,Lunar Static,Electronic
00000000-0000-0000-0000-0000000003e9,2024-12-30 13:11:00,s050,Monsoon,Desert Bloom,Folk
00000000-0000-0000-0000-0000000003ea,2024-01-20 00:03:00,s014,Glass Mural,The Velvet Underground Revival,Indie Rock
00000000-0000-0000-0000-0000000003ea,2024-01-23 17:37:00,s024,Uncharted,Midnight Atlas,Indie Rock
00000000-0000-0000-0000-0000000003ea,2024-01-25 10:40:00,s010,Infrared,Neon Drift,Electronic
00000000-0000-0000-0000-0000000003ea,2024-01-27 20:14:00,s012,Sunday Haze,The Velvet Underground Revival,Indie Rock
00000000-0000-0000-0000-0000000003ea,2024-02-11 04:39:00,s006,City Pulse,Neon Drift,Electronic
00000000-0000-0000-0000-0000000003ea,2024-03-10 04:19:00,s047,Cactus Flower,Desert Bloom,Folk
00000000-0000-0000-0000-0000000003ea,2024-03-11 17:44:00,s044,Noise Floor,Lunar Static,Electronic
00000000-0000-0000-0000-0000000003ea,2024-03-23 19:48:00,s044,Noise Floor,Lunar Static,Electronic
00000000-0000-0000-0000-0000000003ea,2024-03-31 02:14:00,s041,Dead Channel,Lunar Static,Electronic
00000000-0000-0000-0000-0000000003ea,2024-04-14 08:10:00,s009,Electric Blue,Neon Drift,Electronic
00000000-0000-0000-0000-0000000003ea,2024-04-14 20:36:00,s006,City Pulse,Neon Drift,Electronic
00000000-0000-0000-0000-0000000003ea,2024-05-19 02:47:00,s049,Arroya,Desert Bloom,Folk
00000000-0000-0000-0000-0000000003ea,2024-05-25 21:18:00,s016,Desert Dawn,Sol Collective,Folk
00000000-0000-0000-0000-0000000003ea,2024-05-30 02:36:00,s049,Arroya,Desert Bloom,Folk
00000000-0000-0000-0000-0000000003ea,2024-06-08 01:42:00,s017,Sand and Sky,Sol Collective,Folk
00000000-0000-0000-0000-0000000003ea,2024-07-15 04:40:00,s040,Coda,The Wandering Keys,Jazz
00000000-0000-0000-0000-0000000003ea,2024-07-20 09:32:00,s006,City Pulse,Neon Drift,Electronic
00000000-0000-0000-0000-0000000003ea,2024-07-26 16:09:00,s037,Pentatonic Dreams,The Wandering Keys,Jazz
00000000-0000-0000-0000-0000000003ea,2024-07-30 11:25:00,s020,Ochre Light,Sol Collective,Folk
00000000-0000-0000-0000-0000000003ea,2024-07-31 07:41:00,s002,Winter Haze,Aurora Skies,Ambient
00000000-0000-0000-0000-0000000003ea,2024-08-08 07:18:00,s014,Glass Mural,The Velvet Underground Revival,Indie Rock
00000000-0000-0000-0000-0000000003ea,2024-09-15 10:10:00,s027,Standing Wave,Echo Chamber,Electronic
00000000-0000-0000-0000-0000000003ea,2024-09-21 19:59:00,s016,Desert Dawn,Sol Collective,Folk
00000000-0000-0000-0000-0000000003ea,2024-10-03 04:24:00,s033,The Pier,Glass Harbor,Ambient
00000000-0000-0000-0000-0000000003ea,2024-10-06 02:55:00,s049,Arroya,Desert Bloom,Folk
00000000-0000-0000-0000-0000000003ea,2024-11-14 16:17:00,s022,Third Meridian,Midnight Atlas,Indie Rock
00000000-0000-0000-0000-0000000003ea,2024-12-08 16:30:00,s031,Still Water,Glass Harbor,Ambient
00000000-0000-0000-0000-0000000003ea,2024-12-09 01:33:00,s043,The Signal,Lunar Static,Electronic
00000000-0000-0000-0000-0000000003ea,2024-12-31 07:01:00,s012,Sunday Haze,The Velvet Underground Revival,Indie Rock
00000000-0000-0000-0000-0000000003ea,2024-12-31 14:42:00,s050,Monsoon,Desert Bloom,Folk
00000000-0000-0000-0000-0000000003eb,2024-01-05 17:56:00,s022,Third Meridian,Midnight Atlas,Indie Rock
00000000-0000-0000-0000-0000000003eb,2024-01-24 02:09:00,s045,White Static,Lunar Static,Electronic
00000000-0000-0000-0000-0000000003eb,2024-02-22 00:03:00,s043,The Signal,Lunar Static,Electronic
00000000-0000-0000-0000-0000000003eb,2024-03-07 01:59:00,s013,Bitter Honey,The Velvet Underground Revival,Indie Rock
00000000-0000-0000-0000-0000000003eb,2024-03-12 11:30:00,s043,The Signal,Lunar Static,Electronic
00000000-0000-0000-0000-0000000003eb,2024-03-26 09:03:00,s021,Compass Rose,Midnight Atlas,Indie Rock
00000000-0000-0000-0000-0000000003eb,2024-03-27 04:03:00,s034,Salt Air,Glass Harbor,Ambient
00000000-0000-0000-0000-0000000003eb,2024-03-29 09:34:00,s048,Sunbaked,Desert Bloom,Folk
00000000-0000-0000-0000-0000000003eb,2024-04-09 08:20:00,s025,Zero Degree,Midnight Atlas,Indie Rock
00000000-0000-0000-0000-0000000003eb,2024-04-17 10:07:00,s004,Midnight Sun,Aurora Skies,Ambient
00000000-0000-0000-0000-0000000003eb,2024-05-02 09:44:00,s010,Infrared,Neon Drift,Electronic
00000000-0000-0000-0000-0000000003eb,2024-05-30 11:03:00,s003,Polar Drift,Aurora Skies,Ambient
00000000-0000-0000-0000-0000000003eb,2024-06-02 10:39:00,s009,Electric Blue,Neon Drift,Electronic
00000000-0000-0000-0000-0000000003eb,2024-06-15 10:26:00,s041,Dead Channel,Lunar Static,Electronic
00000000-0000-0000-0000-0000000003eb,2024-06-18 01:51:00,s006,City Pulse,Neon Drift,Electronic
00000000-0000-0000-0000-0000000003eb,2024-07-21 06:55:00,s038,The Cadenza,The Wandering Keys,Jazz
00000000-0000-0000-0000-0000000003eb,2024-08-14 10:29:00,s030,Quiet Noise,Echo Chamber,Electronic
00000000-0000-0000-0000-0000000003eb,2024-08-27 03:43:00,s035,Morning Fog,Glass Harbor,Ambient
00000000-0000-0000-0000-0000000003eb,2024-08-31 15:32:00,s013,Bitter Honey,The Velvet Underground Revival,Indie Rock
00000000-0000-0000-0000-0000000003eb,2024-09-02 15:39:00,s001,Northern Lights,Aurora Skies,Ambient
00000000-0000-0000-0000-0000000003eb,2024-09-10 08:46:00,s050,Monsoon,Desert Bloom,Folk
00000000-0000-0000-0000-0000000003eb,2024-10-11 00:05:00,s032,Low Tide,Glass Harbor,Ambient
00000000-0000-0000-0000-0000000003eb,2024-10-22 19:46:00,s039,Bridge Section,The Wandering Keys,Jazz
00000000-0000-0000-0000-0000000003eb,2024-11-22 01:42:00,s033,The Pier,Glass Harbor,Ambient
00000000-0000-0000-0000-0000000003eb,2024-11-30 17:07:00,s026,Reverberation,Echo Chamber,Electronic
00000000-0000-0000-0000-0000000003eb,2024-12-17 11:39:00,s048,Sunbaked,Desert Bloom,Folk
00000000-0000-0000-0000-0000000003eb,2024-12-28 12:41:00,s023,Latitude Blues,Midnight Atlas,Indie Rock
00000000-0000-0000-0000-0000000003ec,2024-01-13 03:45:00,s044,Noise Floor,Lunar Static,Electronic
00000000-0000-0000-0000-0000000003ec,2024-01-24 20:24:00,s034,Salt Air,Glass Harbor,Ambient
00000000-0000-0000-0000-0000000003ec,2024-02-02 22:12:00,s050,Monsoon,Desert Bloom,Folk
00000000-0000-0000-0000-0000000003ec,2024-02-25 04:13:00,s044,Noise Floor,Lunar Static,Electronic
00000000-0000-0000-0000-0000000003ec,2024-03-30 22:38:00,s043,The Signal,Lunar Static,Electronic
00000000-0000-0000-0000-0000000003ec,2024-06-22 11:15:00,s023,Latitude Blues,Midnight Atlas,Indie Rock
00000000-0000-0000-0000-0000000003ec,2024-07-25 05:17:00,s017,Sand and Sky,Sol Collective,Folk
00000000-0000-0000-0000-0000000003ec,2024-07-30 02:22:00,s048,Sunbaked,Desert Bloom,Folk
00000000-0000-0000-0000-0000000003ec,2024-08-22 12:50:00,s022,Third Meridian,Midnight Atlas,Indie Rock
00000000-0000-0000-0000-0000000003ec,2024-08-31 19:30:00,s030,Quiet Noise,Echo Chamber,Electronic
00000000-0000-0000-0000-0000000003ec,2024-09-08 03:56:00,s046,First Rain,Desert Bloom,Folk
00000000-0000-0000-0000-0000000003ec,2024-09-11 09:16:00,s005,Frozen Echoes,Aurora Skies,Ambient
00000000-0000-0000-0000-0000000003ec,2024-09-21 21:23:00,s017,Sand and Sky,Sol Collective,Folk
00000000-0000-0000-0000-0000000003ec,2024-10-31 05:10:00,s022,Third Meridian,Midnight Atlas,Indie Rock
00000000-0000-0000-0000-0000000003ec,2024-11-03 18:41:00,s010,Infrared,Neon Drift,Electronic
00000000-0000-0000-0000-0000000003ec,2024-11-06 05:59:00,s014,Glass Mural,The Velvet Underground Revival,Indie Rock
00000000-0000-0000-0000-0000000003ec,2024-11-09 01:11:00,s014,Glass Mural,The Velvet Underground Revival,Indie Rock
00000000-0000-0000-0000-0000000003ec,2024-11-20 08:59:00,s037,Pentatonic Dreams,The Wandering Keys,Jazz
00000000-0000-0000-0000-0000000003ec,2024-12-16 16:48:00,s027,Standing Wave,Echo Chamber,Electronic
00000000-0000-0000-0000-0000000003ec,2024-12-21 04:51:00,s046,First Rain,Desert Bloom,Folk
00000000-0000-0000-0000-0000000003ed,2024-02-10 09:15:00,s018,Red Horizon,Sol Collective,Folk
00000000-0000-0000-0000-0000000003ed,2024-02-20 06:11:00,s026,Reverberation,Echo Chamber,Electronic
00000000-0000-0000-0000-0000000003ed,2024-03-03 15:40:00,s043,The Signal,Lunar Static,Electronic
00000000-0000-0000-0000-0000000003ed,2024-04-08 03:43:00,s019,The Long Road,Sol Collective,Folk
00000000-0000-0000-0000-0000000003ed,2024-04-28 09:33:00,s018,Red Horizon,Sol Collective,Folk
00000000-0000-0000-0000-0000000003ed,2024-05-08 05:21:00,s049,Arroya,Desert Bloom,Folk
00000000-0000-0000-0000-0000000003ed,2024-05-15 16:12:00,s006,City Pulse,Neon Drift,Electronic
00000000-0000-0000-0000-0000000003ed,2024-08-28 21:43:00,s042,Frequency,Lunar Static,Electronic
00000000-0000-0000-0000-0000000003ed,2024-10-14 10:49:00,s022,Third Meridian,Midnight Atlas,Indie Rock
00000000-0000-0000-0000-0000000003ee,2024-01-09 19:20:00,s025,Zero Degree,Midnight Atlas,Indie Rock
00000000-0000-0000-0000-0000000003ee,2024-01-15 22:51:00,s035,Morning Fog,Glass Harbor,Ambient
00000000-0000-0000-0000-0000000003ee,2024-03-01 04:46:00,s027,Standing Wave,Echo Chamber,Electronic
00000000-0000-0000-0000-0000000003ee,2024-03-05 07:22:00,s045,White Static,Lunar Static,Electronic
00000000-0000-0000-0000-0000000003ee,2024-03-21 10:22:00,s024,Uncharted,Midnight Atlas,Indie Rock
00000000-0000-0000-0000-0000000003ee,2024-04-01 01:49:00,s011,Pale Curtain,The Velvet Underground Revival,Indie Rock
00000000-0000-0000-0000-0000000003ee,2024-04-08 11:32:00,s022,Third Meridian,Midnight Atlas,Indie Rock
00000000-0000-0000-0000-0000000003ee,2024-04-24 20:05:00,s038,The Cadenza,The Wandering Keys,Jazz
00000000-0000-0000-0000-0000000003ee,2024-04-28 15:14:00,s018,Red Horizon,Sol Collective,Folk
00000000-0000-0000-0000-0000000003ee,2024-05-05 08:32:00,s033,The Pier,Glass Harbor,Ambient
00000000-0000-0000-0000-0000000003ee,2024-05-13 15:41:00,s002,Winter Haze,Aurora Skies,Ambient
00000000-0000-0000-0000-0000000003ee,2024-05-19 14:05:00,s038,The Cadenza,The Wandering Keys,Jazz
00000000-0000-0000-0000-0000000003ee,2024-06-30 18:41:00,s001,Northern Lights,Aurora Skies,Ambient
00000000-0000-0000-0000-0000000003ee,2024-07-10 18:57:00,s025,Zero Degree,Midnight Atlas,Indie Rock
00000000-0000-0000-0000-0000000003ee,2024-07-15 12:16:00,s019,The Long Road,Sol Collective,Folk
00000000-0000-0000-0000-0000000003ee,2024-08-09 20:07:00,s036,Minor Key,The Wandering Keys,Jazz
00000000-0000-0000-0000-0000000003ee,2024-08-24 08:53:00,s040,Coda,The Wandering Keys,Jazz
00000000-0000-0000-0000-0000000003ee,2024-08-25 16:53:00,s043,The Signal,Lunar Static,Electronic
00000000-0000-0000-0000-0000000003ee,2024-09-23 14:46:00,s014,Glass Mural,The Velvet Underground Revival,Indie Rock
00000000-0000-0000-0000-0000000003ee,2024-09-24 13:53:00,s010,Infrared,Neon Drift,Electronic
00000000-0000-0000-0000-0000000003ee,2024-09-24 17:13:00,s040,Coda,The Wandering Keys,Jazz
00000000-0000-0000-0000-0000000003ee,2024-10-16 05:41:00,s016,Desert Dawn,Sol Collective,Folk
00000000-0000-0000-0000-0000000003ee,2024-10-28 15:58:00,s005,Frozen Echoes,Aurora Skies,Ambient
00000000-0000-0000-0000-0000000003ee,2024-11-18 16:53:00,s030,Quiet Noise,Echo Chamber,Electronic
00000000-0000-0000-0000-0000000003ee,2024-11-24 05:20:00,s012,Sunday Haze,The Velvet Underground Revival,Indie Rock
00000000-0000-0000-0000-0000000003ee,2024-11-28 11:29:00,s005,Frozen Echoes,Aurora Skies,Ambient
00000000-0000-0000-0000-0000000003ee,2024-12-04 06:42:00,s037,Pentatonic Dreams,The Wandering Keys,Jazz
00000000-0000-0000-0000-0000000003ee,2024-12-24 01:26:00,s048,Sunbaked,Desert Bloom,Folk
00000000-0000-0000-0000-0000000003ee,2024-12-25 05:42:00,s035,Morning Fog,Glass Harbor,Ambient
00000000-0000-0000-0000-0000000003ef,2024-01-11 08:42:00,s034,Salt Air,Glass Harbor,Ambient
00000000-0000-0000-0000-0000000003ef,2024-01-22 15:24:00,s015,Slow Burn,The Velvet Underground Revival,Indie Rock
00000000-0000-0000-0000-0000000003ef,2024-01-27 11:08:00,s047,Cactus Flower,Desert Bloom,Folk
00000000-0000-0000-0000-0000000003ef,2024-02-26 15:59:00,s001,Northern Lights,Aurora Skies,Ambient
00000000-0000-0000-0000-0000000003ef,2024-02-29 22:04:00,s009,Electric Blue,Neon Drift,Electronic
00000000-0000-0000-0000-0000000003ef,2024-03-12 05:59:00,s030,Quiet Noise,Echo Chamber,Electronic
00000000-0000-0000-0000-0000000003ef,2024-03-15 14:32:00,s048,Sunbaked,Desert Bloom,Folk
00000000-0000-0000-0000-0000000003ef,2024-04-10 03:32:00,s036,Minor Key,The Wandering Keys,Jazz
00000000-0000-0000-0000-0000000003ef,2024-04-23 09:55:00,s008,Signal Lost,Neon Drift,Electronic
00000000-0000-0000-0000-0000000003ef,2024-04-24 21:30:00,s035,Morning Fog,Glass Harbor,Ambient
00000000-0000-0000-0000-0000000003ef,2024-05-22 03:08:00,s023,Latitude Blues,Midnight Atlas,Indie Rock
00000000-0000-0000-0000-0000000003ef,2024-05-24 00:40:00,s004,Midnight Sun,Aurora Skies,Ambient
00000000-0000-0000-0000-0000000003ef,2024-05-28 20:26:00,s050,Monsoon,Desert Bloom,Folk
00000000-0000-0000-0000-0000000003ef,2024-07-06 10:39:00,s047,Cactus Flower,Desert Bloom,Folk
00000000-0000-0000-0000-0000000003ef,2024-07-20 02:54:00,s040,Coda,The Wandering Keys,Jazz
00000000-0000-0000-0000-0000000003ef,2024-07-27 04:13:00,s038,The Cadenza,The Wandering Keys,Jazz
00000000-0000-0000-0000-0000000003ef,2024-07-29 01:35:00,s011,Pale Curtain,The Velvet Underground Revival,Indie Rock
00000000-0000-0000-0000-0000000003ef,2024-08-11 18:23:00,s036,Minor Key,The Wandering Keys,Jazz
00000000-0000-0000-0000-0000000003ef,2024-08-14 07:26:00,s034,Salt Air,Glass Harbor,Ambient
00000000-0000-0000-0000-0000000003ef,2024-08-17 19:56:00,s032,Low Tide,Glass Harbor,Ambient
00000000-0000-0000-0000-0000000003ef,2024-09-07 03:51:00,s016,Desert Dawn,Sol Collective,Folk
00000000-0000-0000-0000-0000000003ef,2024-10-10 13:34:00,s032,Low Tide,Glass Harbor,Ambient
00000000-0000-0000-0000-0000000003ef,2024-10-29 09:16:00,s011,Pale Curtain,The Velvet Underground Revival,Indie Rock
00000000-0000-0000-0000-0000000003ef,2024-11-15 16:17:00,s023,Latitude Blues,Midnight Atlas,Indie Rock
00000000-0000-0000-0000-0000000003ef,2024-12-01 18:10:00,s031,Still Water,Glass Harbor,Ambient
00000000-0000-0000-0000-0000000003ef,2024-12-11 18:30:00,s012,Sunday Haze,The Velvet Underground Revival,Indie Rock
00000000-0000-0000-0000-0000000003f0,2024-01-29 08:05:00,s014,Glass Mural,The Velvet Underground Revival,Indie Rock
00000000-0000-0000-0000-0000000003f0,2024-02-29 07:13:00,s003,Polar Drift,Aurora Skies,Ambient
00000000-0000-0000-0000-0000000003f0,2024-03-14 11:46:00,s032,Low Tide,Glass Harbor,Ambient
00000000-0000-0000-0000-0000000003f0,2024-03-24 06:36:00,s045,White Static,Lunar Static,Electronic
00000000-0000-0000-0000-0000000003f0,2024-03-24 10:55:00,s005,Frozen Echoes,Aurora Skies,Ambient
00000000-0000-0000-0000-0000000003f0,2024-04-16 15:08:00,s025,Zero Degree,Midnight Atlas,Indie Rock
00000000-0000-0000-0000-0000000003f0,2024-04-28 08:45:00,s001,Northern Lights,Aurora Skies,Ambient
00000000-0000-0000-0000-0000000003f0,2024-04-28 12:39:00,s015,Slow Burn,The Velvet Underground Revival,Indie Rock
00000000-0000-0000-0000-0000000003f0,2024-05-03 01:02:00,s036,Minor Key,The Wandering Keys,Jazz
00000000-0000-0000-0000-0000000003f0,2024-05-12 06:51:00,s044,Noise Floor,Lunar Static,Electronic
00000000-0000-0000-0000-0000000003f0,2024-05-12 13:05:00,s025,Zero Degree,Midnight Atlas,Indie Rock
00000000-0000-0000-0000-0000000003f0,2024-06-02 13:01:00,s032,Low Tide,Glass Harbor,Ambient
00000000-0000-0000-0000-0000000003f0,2024-06-04 22:40:00,s040,Coda,The Wandering Keys,Jazz
00000000-0000-0000-0000-0000000003f0,2024-06-18 17:02:00,s024,Uncharted,Midnight Atlas,Indie Rock
00000000-0000-0000-0000-0000000003f0,2024-07-25 07:00:00,s002,Winter Haze,Aurora Skies,Ambient
00000000-0000-0000-0000-0000000003f0,2024-08-01 05:23:00,s003,Polar Drift,Aurora Skies,Ambient
00000000-0000-0000-0000-0000000003f0,2024-08-04 07:15:00,s044,Noise Floor,Lunar Static,Electronic
00000000-0000-0000-0000-0000000003f0,2024-08-14 10:07:00,s042,Frequency,Lunar Static,Electronic
00000000-0000-0000-0000-0000000003f0,2024-09-07 20:31:00,s013,Bitter Honey,The Velvet Underground Revival,Indie Rock
00000000-0000-0000-0000-0000000003f0,2024-09-26 01:45:00,s002,Winter Haze,Aurora Skies,Ambient
00000000-0000-0000-0000-0000000003f0,2024-10-14 08:01:00,s039,Bridge Section,The Wandering Keys,Jazz
00000000-0000-0000-0000-0000000003f0,2024-10-16 09:26:00,s007,Neon Rain,Neon Drift,Electronic
00000000-0000-0000-0000-0000000003f0,2024-10-23 21:43:00,s026,Reverberation,Echo Chamber,Electronic
00000000-0000-0000-0000-0000000003f0,2024-11-01 03:07:00,s006,City Pulse,Neon Drift,Electronic
00000000-0000-0000-0000-0000000003f0,2024-12-30 14:14:00,s023,Latitude Blues,Midnight Atlas,Indie Rock
00000000-0000-0000-0000-0000000003f1,2024-01-11 14:03:00,s027,Standing Wave,Echo Chamber,Electronic
00000000-0000-0000-0000-0000000003f1,2024-01-12 11:19:00,s020,Ochre Light,Sol Collective,Folk
00000000-0000-0000-0000-0000000003f1,2024-01-21 06:36:00,s042,Frequency,Lunar Static,Electronic
00000000-0000-0000-0000-0000000003f1,2024-02-11 01:05:00,s044,Noise Floor,Lunar Static,Electronic
00000000-0000-0000-0000-0000000003f1,2024-02-12 02:02:00,s026,Reverberation,Echo Chamber,Electronic
00000000-0000-0000-0000-0000000003f1,2024-02-19 21:45:00,s002,Winter Haze,Aurora Skies,Ambient
00000000-0000-0000-0000-0000000003f1,2024-03-17 02:10:00,s008,Signal Lost,Neon Drift,Electronic
00000000-0000-0000-0000-0000000003f1,2024-04-26 06:58:00,s025,Zero Degree,Midnight Atlas,Indie Rock
00000000-0000-0000-0000-0000000003f1,2024-06-19 04:17:00,s017,Sand and Sky,Sol Collective,Folk
00000000-0000-0000-0000-0000000003f1,2024-06-23 10:51:00,s021,Compass Rose,Midnight Atlas,Indie Rock
00000000-0000-0000-0000-0000000003f1,2024-07-22 03:15:00,s050,Monsoon,Desert Bloom,Folk
00000000-0000-0000-0000-0000000003f1,2024-08-06 16:13:00,s030,Quiet Noise,Echo Chamber,Electronic
00000000-0000-0000-0000-0000000003f1,2024-08-28 07:34:00,s033,The Pier,Glass Harbor,Ambient
00000000-0000-0000-0000-0000000003f1,2024-09-30 18:49:00,s024,Uncharted,Midnight Atlas,Indie Rock
00000000-0000-0000-0000-0000000003f1,2024-11-10 09:50:00,s023,Latitude Blues,Midnight Atlas,Indie Rock
00000000-0000-0000-0000-0000000003f1,2024-11-15 10:54:00,s044,Noise Floor,Lunar Static,Electronic
00000000-0000-0000-0000-0000000003f1,2024-11-20 13:06:00,s034,Salt Air,Glass Harbor,Ambient
00000000-0000-0000-0000-0000000003f1,2024-11-21 04:05:00,s049,Arroya,Desert Bloom,Folk
00000000-0000-0000-0000-0000000003f1,2024-12-03 14:38:00,s037,Pentatonic Dreams,The Wandering Keys,Jazz
00000000-0000-0000-0000-0000000003f1,2024-12-17 22:40:00,s023,Latitude Blues,Midnight Atlas,Indie Rock
00000000-0000-0000-0000-0000000003f2,2024-01-13 15:31:00,s025,Zero Degree,Midnight Atlas,Indie Rock
00000000-0000-0000-0000-0000000003f2,2024-01-15 00:57:00,s015,Slow Burn,The Velvet Underground Revival,Indie Rock
00000000-0000-0000-0000-0000000003f2,2024-01-19 00:11:00,s015,Slow Burn,The Velvet Underground Revival,Indie Rock
00000000-0000-0000-0000-0000000003f2,2024-01-29 02:07:00,s049,Arroya,Desert Bloom,Folk
00000000-0000-0000-0000-0000000003f2,2024-01-29 11:43:00,s045,White Static,Lunar Static,Electronic
00000000-0000-0000-0000-0000000003f2,2024-02-25 00:29:00,s028,Room Tone,Echo Chamber,Electronic
00000000-0000-0000-0000-0000000003f2,2024-03-12 14:16:00,s023,Latitude Blues,Midnight Atlas,Indie Rock
00000000-0000-0000-0000-0000000003f2,2024-04-28 20:45:00,s012,Sunday Haze,The Velvet Underground Revival,Indie Rock
00000000-0000-0000-0000-0000000003f2,2024-06-19 05:38:00,s032,Low Tide,Glass Harbor,Ambient
00000000-0000-0000-0000-0000000003f2,2024-07-04 16:20:00,s048,Sunbaked,Desert Bloom,Folk
00000000-0000-0000-0000-0000000003f2,2024-07-30 17:36:00,s030,Quiet Noise,Echo Chamber,Electronic
00000000-0000-0000-0000-0000000003f2,2024-08-02 23:07:00,s034,Salt Air,Glass Harbor,Ambient
00000000-0000-0000-0000-0000000003f2,2024-08-07 16:22:00,s004,Midnight Sun,Aurora Skies,Ambient
00000000-0000-0000-0000-0000000003f2,2024-09-25 04:44:00,s050,Monsoon,Desert Bloom,Folk
00000000-0000-0000-0000-0000000003f2,2024-12-27 05:05:00,s024,Uncharted,Midnight Atlas,Indie Rock
00000000-0000-0000-0000-0000000003f3,2024-01-21 11:06:00,s005,Frozen Echoes,Aurora Skies,Ambient
00000000-0000-0000-0000-0000000003f3,2024-03-21 12:55:00,s015,Slow Burn,The Velvet Underground Revival,Indie Rock
00000000-0000-0000-0000-0000000003f3,2024-03-30 12:27:00,s032,Low Tide,Glass Harbor,Ambient
00000000-0000-0000-0000-0000000003f3,2024-04-01 20:31:00,s009,Electric Blue,Neon Drift,Electronic
00000000-0000-0000-0000-0000000003f3,2024-04-19 15:07:00,s046,First Rain,Desert Bloom,Folk
00000000-0000-0000-0000-0000000003f3,2024-04-29 14:13:00,s016,Desert Dawn,Sol Collective,Folk
00000000-0000-0000-0000-0000000003f3,2024-06-12 23:44:00,s038,The Cadenza,The Wandering Keys,Jazz
00000000-0000-0000-0000-0000000003f3,2024-06-26 02:13:00,s007,Neon Rain,Neon Drift,Electronic
00000000-0000-0000-0000-0000000003f3,2024-07-11 20:31:00,s023,Latitude Blues,Midnight Atlas,Indie Rock
00000000-0000-0000-0000-0000000003f3,2024-09-07 02:14:00,s037,Pentatonic Dreams,The Wandering Keys,Jazz
00000000-0000-0000-0000-0000000003f3,2024-10-08 15:02:00,s033,The Pier,Glass Harbor,Ambient
00000000-0000-0000-0000-0000000003f3,2024-11-23 19:12:00,s029,Phase Shift,Echo Chamber,Electronic
00000000-0000-0000-0000-0000000003f4,2024-01-27 17:19:00,s033,The Pier,Glass Harbor,Ambient
00000000-0000-0000-0000-0000000003f4,2024-02-05 12:57:00,s048,Sunbaked,Desert Bloom,Folk
00000000-0000-0000-0000-0000000003f4,2024-02-08 04:59:00,s032,Low Tide,Glass Harbor,Ambient
00000000-0000-0000-0000-0000000003f4,2024-03-06 17:08:00,s006,City Pulse,Neon Drift,Electronic
00000000-0000-0000-0000-0000000003f4,2024-03-30 15:09:00,s006,City Pulse,Neon Drift,Electronic
00000000-0000-0000-0000-0000000003f4,2024-04-25 04:34:00,s020,Ochre Light,Sol Collective,Folk
00000000-0000-0000-0000-0000000003f4,2024-05-18 16:06:00,s034,Salt Air,Glass Harbor,Ambient
00000000-0000-0000-0000-0000000003f4,2024-05-30 07:53:00,s035,Morning Fog,Glass Harbor,Ambient
00000000-0000-0000-0000-0000000003f4,2024-06-02 03:54:00,s014,Glass Mural,The Velvet Underground Revival,Indie Rock
00000000-0000-0000-0000-0000000003f4,2024-06-11 15:48:00,s017,Sand and Sky,Sol Collective,Folk
00000000-0000-0000-0000-0000000003f4,2024-06-25 17:32:00,s019,The Long Road,Sol Collective,Folk
00000000-0000-0000-0000-0000000003f4,2024-06-26 06:03:00,s031,Still Water,Glass Harbor,Ambient
00000000-0000-0000-0000-0000000003f4,2024-06-29 07:23:00,s030,Quiet Noise,Echo Chamber,Electronic
00000000-0000-0000-0000-0000000003f4,2024-06-29 20:17:00,s024,Uncharted,Midnight Atlas,Indie Rock
00000000-0000-0000-0000-0000000003f4,2024-07-01 16:23:00,s020,Ochre Light,Sol Collective,Folk
00000000-0000-0000-0000-0000000003f4,2024-07-19 23:49:00,s019,The Long Road,Sol Collective,Folk
00000000-0000-0000-0000-0000000003f4,2024-08-10 22:16:00,s032,Low Tide,Glass Harbor,Ambient
00000000-0000-0000-0000-0000000003f4,2024-08-12 19:52:00,s050,Monsoon,Desert Bloom,Folk
00000000-0000-0000-0000-0000000003f4,2024-08-18 22:52:00,s048,Sunbaked,Desert Bloom,Folk
00000000-0000-0000-0000-0000000003f4,2024-09-03 13:11:00,s003,Polar Drift,Aurora Skies,Ambient
00000000-0000-0000-0000-0000000003f4,2024-10-03 20:18:00,s012,Sunday Haze,The Velvet Underground Revival,Indie Rock
00000000-0000-0000-0000-0000000003f4,2024-10-17 05:00:00,s002,Winter Haze,Aurora Skies,Ambient
00000000-0000-0000-0000-0000000003f4,2024-10-28 05:47:00,s036,Minor Key,The Wandering Keys,Jazz
00000000-0000-0000-0000-0000000003f4,2024-10-30 09:55:00,s031,Still Water,Glass Harbor,Ambient
00000000-0000-0000-0000-0000000003f4,2024-11-06 09:28:00,s037,Pentatonic Dreams,The Wandering Keys,Jazz
00000000-0000-0000-0000-0000000003f4,2024-11-26 06:47:00,s033,The Pier,Glass Harbor,Ambient
00000000-0000-0000-0000-0000000003f4,2024-11-29 08:32:00,s028,Room Tone,Echo Chamber,Electronic
00000000-0000-0000-0000-0000000003f4,2024-12-06 13:45:00,s024,Uncharted,Midnight Atlas,Indie Rock
00000000-0000-0000-0000-0000000003f4,2024-12-18 20:00:00,s027,Standing Wave,Echo Chamber,Electronic
00000000-0000-0000-0000-0000000003f5,2024-01-02 13:36:00,s044,Noise Floor,Lunar Static,Electronic
00000000-0000-0000-0000-0000000003f5,2024-01-07 20:06:00,s004,Midnight Sun,Aurora Skies,Ambient
00000000-0000-0000-0000-0000000003f5,2024-01-31 03:04:00,s024,Uncharted,Midnight Atlas,Indie Rock
00000000-0000-0000-0000-0000000003f5,2024-02-11 05:25:00,s040,Coda,The Wandering Keys,Jazz
00000000-0000-0000-0000-0000000003f5,2024-02-24 19:56:00,s048,Sunbaked,Desert Bloom,Folk
00000000-0000-0000-0000-0000000003f5,2024-03-01 07:42:00,s027,Standing Wave,Echo Chamber,Electronic
00000000-0000-0000-0000-0000000003f5,2024-03-24 00:05:00,s021,Compass Rose,Midnight Atlas,Indie Rock
00000000-0000-0000-0000-0000000003f5,2024-05-13 07:22:00,s023,Latitude Blues,Midnight Atlas,Indie Rock
00000000-0000-0000-0000-0000000003f5,2024-05-13 11:34:00,s046,First Rain,Desert Bloom,Folk
00000000-0000-0000-0000-0000000003f5,2024-05-25 20:10:00,s049,Arroya,Desert Bloom,Folk
00000000-0000-0000-0000-0000000003f5,2024-07-24 02:44:00,s005,Frozen Echoes,Aurora Skies,Ambient
00000000-0000-0000-0000-0000000003f5,2024-09-06 10:39:00,s025,Zero Degree,Midnight Atlas,Indie Rock
00000000-0000-0000-0000-0000000003f5,2024-09-12 10:32:00,s035,Morning Fog,Glass Harbor,Ambient
00000000-0000-0000-0000-0000000003f5,2024-10-28 15:21:00,s003,Polar Drift,Aurora Skies,Ambient
00000000-0000-0000-0000-0000000003f5,2024-11-13 13:33:00,s004,Midnight Sun,Aurora Skies,Ambient
00000000-0000-0000-0000-0000000003f6,2024-01-11 15:59:00,s029,Phase Shift,Echo Chamber,Electronic
00000000-0000-0000-0000-0000000003f6,2024-01-30 08:46:00,s005,Frozen Echoes,Aurora Skies,Ambient
00000000-0000-0000-0000-0000000003f6,2024-02-06 06:59:00,s003,Polar Drift,Aurora Skies,Ambient
00000000-0000-0000-0000-0000000003f6,2024-02-11 23:55:00,s046,First Rain,Desert Bloom,Folk
00000000-0000-0000-0000-0000000003f6,2024-02-17 04:17:00,s007,Neon Rain,Neon Drift,Electronic
00000000-0000-0000-0000-0000000003f6,2024-02-24 02:07:00,s048,Sunbaked,Desert Bloom,Folk
00000000-0000-0000-0000-0000000003f6,2024-03-22 12:53:00,s022,Third Meridian,Midnight Atlas,Indie Rock
00000000-0000-0000-0000-0000000003f6,2024-04-04 17:36:00,s003,Polar Drift,Aurora Skies,Ambient
00000000-0000-0000-0000-0000000003f6,2024-04-16 17:51:00,s024,Uncharted,Midnight Atlas,Indie Rock
00000000-0000-0000-0000-0000000003f6,2024-05-26 06:11:00,s019,The Long Road,Sol Collective,Folk
00000000-0000-0000-0000-0000000003f6,2024-06-09 21:51:00,s022,Third Meridian,Midnight Atlas,Indie Rock
00000000-0000-0000-0000-0000000003f6,2024-07-04 20:24:00,s035,Morning Fog,Glass Harbor,Ambient
00000000-0000-0000-0000-0000000003f6,2024-07-26 13:38:00,s021,Compass Rose,Midnight Atlas,Indie Rock
00000000-0000-0000-0000-0000000003f6,2024-08-06 04:41:00,s048,Sunbaked,Desert Bloom,Folk
00000000-0000-0000-0000-0000000003f6,2024-08-11 05:46:00,s038,The Cadenza,The Wandering Keys,Jazz
00000000-0000-0000-0000-0000000003f6,2024-09-30 15:16:00,s034,Salt Air,Glass Harbor,Ambient
00000000-0000-0000-0000-0000000003f6,2024-10-19 05:18:00,s048,Sunbaked,Desert Bloom,Folk
00000000-0000-0000-0000-0000000003f6,2024-11-06 12:06:00,s005,Frozen Echoes,Aurora Skies,Ambient
00000000-0000-0000-0000-0000000003f6,2024-12-28 18:05:00,s044,Noise Floor,Lunar Static,Electronic
00000000-0000-0000-0000-0000000003f7,2024-01-03 03:34:00,s011,Pale Curtain,The Velvet Underground Revival,Indie Rock
00000000-0000-0000-0000-0000000003f7,2024-01-13 12:55:00,s034,Salt Air,Glass Harbor,Ambient
00000000-0000-0000-0000-0000000003f7,2024-01-24 12:56:00,s005,Frozen Echoes,Aurora Skies,Ambient
00000000-0000-0000-0000-0000000003f7,2024-02-19 09:07:00,s006,City Pulse,Neon Drift,Electronic
00000000-0000-0000-0000-0000000003f7,2024-02-29 23:00:00,s016,Desert Dawn,Sol Collective,Folk
00000000-0000-0000-0000-0000000003f7,2024-04-03 01:46:00,s038,The Cadenza,The Wandering Keys,Jazz
00000000-0000-0000-0000-0000000003f7,2024-04-06 02:41:00,s023,Latitude Blues,Midnight Atlas,Indie Rock
00000000-0000-0000-0000-0000000003f7,2024-04-19 06:07:00,s003,Polar Drift,Aurora Skies,Ambient
00000000-0000-0000-0000-0000000003f7,2024-04-21 00:33:00,s045,White Static,Lunar Static,Electronic
00000000-0000-0000-0000-0000000003f7,2024-05-22 20:45:00,s030,Quiet Noise,Echo Chamber,Electronic
00000000-0000-0000-0000-0000000003f7,2024-05-22 23:31:00,s022,Third Meridian,Midnight Atlas,Indie Rock
00000000-0000-0000-0000-0000000003f7,2024-05-26 05:35:00,s021,Compass Rose,Midnight Atlas,Indie Rock
00000000-0000-0000-0000-0000000003f7,2024-06-11 00:58:00,s023,Latitude Blues,Midnight Atlas,Indie Rock
00000000-0000-0000-0000-0000000003f7,2024-07-17 21:00:00,s030,Quiet Noise,Echo Chamber,Electronic
00000000-0000-0000-0000-0000000003f7,2024-08-05 20:35:00,s026,Reverberation,Echo Chamber,Electronic
00000000-0000-0000-0000-0000000003f7,2024-09-18 14:47:00,s017,Sand and Sky,Sol Collective,Folk
00000000-0000-0000-0000-0000000003f7,2024-10-03 19:36:00,s008,Signal Lost,Neon Drift,Electronic
00000000-0000-0000-0000-0000000003f7,2024-10-22 15:42:00,s048,Sunbaked,Desert Bloom,Folk
00000000-0000-0000-0000-0000000003f7,2024-11-22 13:24:00,s031,Still Water,Glass Harbor,Ambient
00000000-0000-0000-0000-0000000003f7,2024-12-08 16:35:00,s008,Signal Lost,Neon Drift,Electronic
00000000-0000-0000-0000-0000000003f7,2024-12-21 13:50:00,s018,Red Horizon,Sol Collective,Folk
00000000-0000-0000-0000-0000000003f8,2024-02-14 13:51:00,s017,Sand and Sky,Sol Collective,Folk
00000000-0000-0000-0000-0000000003f8,2024-02-16 13:05:00,s017,Sand and Sky,Sol Collective,Folk
00000000-0000-0000-0000-0000000003f8,2024-03-09 06:10:00,s012,Sunday Haze,The Velvet Underground Revival,Indie Rock
00000000-0000-0000-0000-0000000003f8,2024-03-10 09:17:00,s020,Ochre Light,Sol Collective,Folk
00000000-0000-0000-0000-0000000003f8,2024-03-14 03:48:00,s010,Infrared,Neon Drift,Electronic
00000000-0000-0000-0000-0000000003f8,2024-03-17 03:20:00,s016,Desert Dawn,Sol Collective,Folk
00000000-0000-0000-0000-0000000003f8,2024-04-16 11:31:00,s041,Dead Channel,Lunar Static,Electronic
00000000-0000-0000-0000-0000000003f8,2024-04-19 19:57:00,s039,Bridge Section,The Wandering Keys,Jazz
00000000-0000-0000-0000-0000000003f8,2024-05-08 05:12:00,s027,Standing Wave,Echo Chamber,Electronic
00000000-0000-0000-0000-0000000003f8,2024-05-15 20:09:00,s033,The Pier,Glass Harbor,Ambient
00000000-0000-0000-0000-0000000003f8,2024-05-19 03:41:00,s026,Reverberation,Echo Chamber,Electronic
00000000-0000-0000-0000-0000000003f8,2024-05-20 21:30:00,s009,Electric Blue,Neon Drift,Electronic
00000000-0000-0000-0000-0000000003f8,2024-07-04 07:56:00,s026,Reverberation,Echo Chamber,Electronic
00000000-0000-0000-0000-0000000003f8,2024-07-20 04:30:00,s031,Still Water,Glass Harbor,Ambient
00000000-0000-0000-0000-0000000003f8,2024-07-26 09:32:00,s046,First Rain,Desert Bloom,Folk
00000000-0000-0000-0000-0000000003f8,2024-08-07 21:19:00,s037,Pentatonic Dreams,The Wandering Keys,Jazz
00000000-0000-0000-0000-0000000003f8,2024-08-13 05:57:00,s006,City Pulse,Neon Drift,Electronic
00000000-0000-0000-0000-0000000003f8,2024-10-02 03:29:00,s030,Quiet Noise,Echo Chamber,Electronic
00000000-0000-0000-0000-0000000003f8,2024-11-15 04:22:00,s041,Dead Channel,Lunar Static,Electronic
00000000-0000-0000-0000-0000000003f8,2024-12-10 09:02:00,s008,Signal Lost,Neon Drift,Electronic
00000000-0000-0000-0000-0000000003f8,2024-12-12 22:37:00,s018,Red Horizon,Sol Collective,Folk
00000000-0000-0000-0000-0000000003f9,2024-01-07 00:17:00,s020,Ochre Light,Sol Collective,Folk
00000000-0000-0000-0000-0000000003f9,2024-01-09 02:35:00,s050,Monsoon,Desert Bloom,Folk
00000000-0000-0000-0000-0000000003f9,2024-01-23 10:28:00,s034,Salt Air,Glass Harbor,Ambient
00000000-0000-0000-0000-0000000003f9,2024-01-30 04:05:00,s005,Frozen Echoes,Aurora Skies,Ambient
00000000-0000-0000-0000-0000000003f9,2024-03-08 02:51:00,s002,Winter Haze,Aurora Skies,Ambient
00000000-0000-0000-0000-0000000003f9,2024-04-06 21:19:00,s039,Bridge Section,The Wandering Keys,Jazz
00000000-0000-0000-0000-0000000003f9,2024-06-17 14:44:00,s050,Monsoon,Desert Bloom,Folk
00000000-0000-0000-0000-0000000003f9,2024-06-22 03:10:00,s019,The Long Road,Sol Collective,Folk
00000000-0000-0000-0000-0000000003f9,2024-06-29 23:37:00,s003,Polar Drift,Aurora Skies,Ambient
00000000-0000-0000-0000-0000000003f9,2024-07-05 14:19:00,s036,Minor Key,The Wandering Keys,Jazz
00000000-0000-0000-0000-0000000003f9,2024-07-10 08:48:00,s017,Sand and Sky,Sol Collective,Folk
00000000-0000-0000-0000-0000000003f9,2024-07-16 19:18:00,s046,First Rain,Desert Bloom,Folk
00000000-0000-0000-0000-0000000003f9,2024-07-26 18:47:00,s032,Low Tide,Glass Harbor,Ambient
00000000-0000-0000-0000-0000000003f9,2024-09-07 19:51:00,s017,Sand and Sky,Sol Collective,Folk
00000000-0000-0000-0000-0000000003f9,2024-10-16 13:55:00,s033,The Pier,Glass Harbor,Ambient
00000000-0000-0000-0000-0000000003f9,2024-10-26 04:15:00,s027,Standing Wave,Echo Chamber,Electronic
00000000-0000-0000-0000-0000000003f9,2024-11-18 14:25:00,s031,Still Water,Glass Harbor,Ambient
00000000-0000-0000-0000-0000000003f9,2024-11-22 14:06:00,s028,Room Tone,Echo Chamber,Electronic
00000000-0000-0000-0000-0000000003fa,2024-01-19 05:32:00,s008,Signal Lost,Neon Drift,Electronic
00000000-0000-0000-0000-0000000003fa,2024-02-16 18:14:00,s026,Reverberation,Echo Chamber,Electronic
00000000-0000-0000-0000-0000000003fa,2024-05-05 17:37:00,s030,Quiet Noise,Echo Chamber,Electronic
00000000-0000-0000-0000-0000000003fa,2024-05-09 14:11:00,s010,Infrared,Neon Drift,Electronic
00000000-0000-0000-0000-0000000003fa,2024-05-16 16:26:00,s044,Noise Floor,Lunar Static,Electronic
00000000-0000-0000-0000-0000000003fa,2024-05-21 22:34:00,s027,Standing Wave,Echo Chamber,Electronic
00000000-0000-0000-0000-0000000003fa,2024-06-19 07:27:00,s035,Morning Fog,Glass Harbor,Ambient
00000000-0000-0000-0000-0000000003fa,2024-06-28 02:14:00,s037,Pentatonic Dreams,The Wandering Keys,Jazz
00000000-0000-0000-0000-0000000003fa,2024-08-08 00:10:00,s034,Salt Air,Glass Harbor,Ambient
00000000-0000-0000-0000-0000000003fa,2024-08-31 14:09:00,s031,Still Water,Glass Harbor,Ambient
00000000-0000-0000-0000-0000000003fa,2024-09-01 09:21:00,s027,Standing Wave,Echo Chamber,Electronic
00000000-0000-0000-0000-0000000003fb,2024-01-01 03:39:00,s033,The Pier,Glass Harbor,Ambient
00000000-0000-0000-0000-0000000003fb,2024-02-17 09:56:00,s022,Third Meridian,Midnight Atlas,Indie Rock
00000000-0000-0000-0000-0000000003fb,2024-02-24 07:33:00,s039,Bridge Section,The Wandering Keys,Jazz
00000000-0000-0000-0000-0000000003fb,2024-04-01 23:20:00,s012,Sunday Haze,The Velvet Underground Revival,Indie Rock
00000000-0000-0000-0000-0000000003fb,2024-04-12 05:45:00,s023,Latitude Blues,Midnight Atlas,Indie Rock
00000000-0000-0000-0000-0000000003fb,2024-05-16 05:00:00,s043,The Signal,Lunar Static,Electronic
00000000-0000-0000-0000-0000000003fb,2024-06-12 07:37:00,s041,Dead Channel,Lunar Static,Electronic
00000000-0000-0000-0000-0000000003fb,2024-06-23 16:59:00,s007,Neon Rain,Neon Drift,Electronic
00000000-0000-0000-0000-0000000003fb,2024-07-21 20:07:00,s013,Bitter Honey,The Velvet Underground Revival,Indie Rock
00000000-0000-0000-0000-0000000003fb,2024-07-30 20:57:00,s046,First Rain,Desert Bloom,Folk
00000000-0000-0000-0000-0000000003fb,2024-08-07 08:16:00,s028,Room Tone,Echo Chamber,Electronic
00000000-0000-0000-0000-0000000003fb,2024-08-31 10:20:00,s008,Signal Lost,Neon Drift,Electronic
00000000-0000-0000-0000-0000000003fb,2024-09-02 11:55:00,s041,Dead Channel,Lunar Static,Electronic
00000000-0000-0000-0000-0000000003fb,2024-09-12 19:25:00,s015,Slow Burn,The Velvet Underground Revival,Indie Rock
00000000-0000-0000-0000-0000000003fb,2024-10-18 19:58:00,s044,Noise Floor,Lunar Static,Electronic
00000000-0000-0000-0000-0000000003fb,2024-10-19 14:33:00,s018,Red Horizon,Sol Collective,Folk
00000000-0000-0000-0000-0000000003fb,2024-10-21 01:30:00,s006,City Pulse,Neon Drift,Electronic
00000000-0000-0000-0000-0000000003fb,2024-11-05 08:22:00,s048,Sunbaked,Desert Bloom,Folk
00000000-0000-0000-0000-0000000003fb,2024-11-05 14:45:00,s014,Glass Mural,The Velvet Underground Revival,Indie Rock
00000000-0000-0000-0000-0000000003fb,2024-11-21 23:44:00,s043,The Signal,Lunar Static,Electronic
00000000-0000-0000-0000-0000000003fb,2024-12-18 10:57:00,s049,Arroya,Desert Bloom,Folk
00000000-0000-0000-0000-0000000003fc,2024-01-30 03:54:00,s004,Midnight Sun,Aurora Skies,Ambient
00000000-0000-0000-0000-0000000003fc,2024-03-09 00:12:00,s027,Standing Wave,Echo Chamber,Electronic
00000000-0000-0000-0000-0000000003fc,2024-04-16 07:25:00,s031,Still Water,Glass Harbor,Ambient
00000000-0000-0000-0000-0000000003fc,2024-05-05 22:20:00,s021,Compass Rose,Midnight Atlas,Indie Rock
00000000-0000-0000-0000-0000000003fc,2024-06-16 12:44:00,s034,Salt Air,Glass Harbor,Ambient
00000000-0000-0000-0000-0000000003fc,2024-11-27 12:45:00,s049,Arroya,Desert Bloom,Folk
00000000-0000-0000-0000-0000000003fc,2024-12-21 11:05:00,s013,Bitter Honey,The Velvet Underground Revival,Indie Rock
00000000-0000-0000-0000-0000000003fc,2024-12-23 12:10:00,s005,Frozen Echoes,Aurora Skies,Ambient
00000000-0000-0000-0000-0000000003fd,2024-01-31 13:43:00,s042,Frequency,Lunar Static,Electronic
00000000-0000-0000-0000-0000000003fd,2024-02-04 17:42:00,s017,Sand and Sky,Sol Collective,Folk
00000000-0000-0000-0000-0000000003fd,2024-04-21 01:29:00,s010,Infrared,Neon Drift,Electronic
00000000-0000-0000-0000-0000000003fd,2024-05-18 12:32:00,s016,Desert Dawn,Sol Collective,Folk
00000000-0000-0000-0000-0000000003fd,2024-05-27 18:16:00,s016,Desert Dawn,Sol Collective,Folk
00000000-0000-0000-0000-0000000003fd,2024-06-10 00:32:00,s050,Monsoon,Desert Bloom,Folk
00000000-0000-0000-0000-0000000003fd,2024-06-11 06:30:00,s007,Neon Rain,Neon Drift,Electronic
00000000-0000-0000-0000-0000000003fd,2024-06-17 13:49:00,s024,Uncharted,Midnight Atlas,Indie Rock
00000000-0000-0000-0000-0000000003fd,2024-06-26 07:43:00,s007,Neon Rain,Neon Drift,Electronic
00000000-0000-0000-0000-0000000003fd,2024-07-02 22:05:00,s033,The Pier,Glass Harbor,Ambient
00000000-0000-0000-0000-0000000003fd,2024-07-17 02:42:00,s040,Coda,The Wandering Keys,Jazz
00000000-0000-0000-0000-0000000003fd,2024-07-20 20:55:00,s011,Pale Curtain,The Velvet Underground Revival,Indie Rock
00000000-0000-0000-0000-0000000003fd,2024-07-28 09:22:00,s045,White Static,Lunar Static,Electronic
00000000-0000-0000-0000-0000000003fd,2024-08-24 22:12:00,s018,Red Horizon,Sol Collective,Folk
00000000-0000-0000-0000-0000000003fd,2024-09-30 06:42:00,s002,Winter Haze,Aurora Skies,Ambient
00000000-0000-0000-0000-0000000003fd,2024-10-29 12:33:00,s035,Morning Fog,Glass Harbor,Ambient
00000000-0000-0000-0000-0000000003fd,2024-11-19 00:33:00,s036,Minor Key,The Wandering Keys,Jazz
00000000-0000-0000-0000-0000000003fd,2024-11-21 10:22:00,s048,Sunbaked,Desert Bloom,Folk
00000000-0000-0000-0000-0000000003fe,2024-02-05 12:37:00,s040,Coda,The Wandering Keys,Jazz
00000000-0000-0000-0000-0000000003fe,2024-02-24 02:10:00,s031,Still Water,Glass Harbor,Ambient
00000000-0000-0000-0000-0000000003fe,2024-02-26 19:17:00,s034,Salt Air,Glass Harbor,Ambient
00000000-0000-0000-0000-0000000003fe,2024-04-13 00:17:00,s037,Pentatonic Dreams,The Wandering Keys,Jazz
00000000-0000-0000-0000-0000000003fe,2024-05-15 12:37:00,s021,Compass Rose,Midnight Atlas,Indie Rock
00000000-0000-0000-0000-0000000003fe,2024-05-21 22:52:00,s022,Third Meridian,Midnight Atlas,Indie Rock
00000000-0000-0000-0000-0000000003fe,2024-06-18 05:58:00,s003,Polar Drift,Aurora Skies,Ambient
00000000-0000-0000-0000-0000000003fe,2024-10-11 23:51:00,s046,First Rain,Desert Bloom,Folk
00000000-0000-0000-0000-0000000003fe,2024-11-27 16:11:00,s032,Low Tide,Glass Harbor,Ambient
00000000-0000-0000-0000-0000000003ff,2024-01-03 01:20:00,s013,Bitter Honey,The Velvet Underground Revival,Indie Rock
00000000-0000-0000-0000-0000000003ff,2024-01-17 13:18:00,s029,Phase Shift,Echo Chamber,Electronic
00000000-0000-0000-0000-0000000003ff,2024-01-18 07:38:00,s007,Neon Rain,Neon Drift,Electronic
00000000-0000-0000-0000-0000000003ff,2024-02-22 21:56:00,s014,Glass Mural,The Velvet Underground Revival,Indie Rock
00000000-0000-0000-0000-0000000003ff,2024-03-06 18:11:00,s023,Latitude Blues,Midnight Atlas,Indie Rock
00000000-0000-0000-0000-0000000003ff,2024-03-23 05:37:00,s029,Phase Shift,Echo Chamber,Electronic
00000000-0000-0000-0000-0000000003ff,2024-03-25 06:42:00,s020,Ochre Light,Sol Collective,Folk
00000000-0000-0000-0000-0000000003ff,2024-04-23 23:37:00,s020,Ochre Light,Sol Collective,Folk
00000000-0000-0000-0000-0000000003ff,2024-04-30 07:34:00,s050,Monsoon,Desert Bloom,Folk
00000000-0000-0000-0000-0000000003ff,2024-05-06 06:52:00,s014,Glass Mural,The Velvet Underground Revival,Indie Rock
00000000-0000-0000-0000-0000000003ff,2024-05-18 21:09:00,s039,Bridge Section,The Wandering Keys,Jazz
00000000-0000-0000-0000-0000000003ff,2024-06-05 05:56:00,s015,Slow Burn,The Velvet Underground Revival,Indie Rock
00000000-0000-0000-0000-0000000003ff,2024-07-07 01:56:00,s027,Standing Wave,Echo Chamber,Electronic
00000000-0000-0000-0000-0000000003ff,2024-07-26 11:15:00,s023,Latitude Blues,Midnight Atlas,Indie Rock
00000000-0000-0000-0000-0000000003ff,2024-07-31 18:15:00,s033,The Pier,Glass Harbor,Ambient
00000000-0000-0000-0000-0000000003ff,2024-09-08 20:48:00,s037,Pentatonic Dreams,The Wandering Keys,Jazz
00000000-0000-0000-0000-0000000003ff,2024-10-03 12:28:00,s006,City Pulse,Neon Drift,Electronic
00000000-0000-0000-0000-0000000003ff,2024-10-21 16:10:00,s025,Zero Degree,Midnight Atlas,Indie Rock
00000000-0000-0000-0000-0000000003ff,2024-10-26 10:28:00,s045,White Static,Lunar Static,Electronic
00000000-0000-0000-0000-0000000003ff,2024-10-27 06:20:00,s043,The Signal,Lunar Static,Electronic
00000000-0000-0000-0000-0000000003ff,2024-10-28 13:19:00,s046,First Rain,Desert Bloom,Folk
00000000-0000-0000-0000-0000000003ff,2024-11-24 09:31:00,s025,Zero Degree,Midnight Atlas,Indie Rock
00000000-0000-0000-0000-000000000400,2024-02-10 06:43:00,s026,Reverberation,Echo Chamber,Electronic
00000000-0000-0000-0000-000000000400,2024-02-21 06:55:00,s009,Electric Blue,Neon Drift,Electronic
00000000-0000-0000-0000-000000000400,2024-02-26 13:07:00,s026,Reverberation,Echo Chamber,Electronic
00000000-0000-0000-0000-000000000400,2024-03-03 05:51:00,s012,Sunday Haze,The Velvet Underground Revival,Indie Rock
00000000-0000-0000-0000-000000000400,2024-03-18 22:08:00,s015,Slow Burn,The Velvet Underground Revival,Indie Rock
00000000-0000-0000-0000-000000000400,2024-04-18 03:50:00,s047,Cactus Flower,Desert Bloom,Folk
00000000-0000-0000-0000-000000000400,2024-10-05 02:21:00,s048,Sunbaked,Desert Bloom,Folk
00000000-0000-0000-0000-000000000400,2024-10-28 03:41:00,s016,Desert Dawn,Sol Collective,Folk
00000000-0000-0000-0000-000000000400,2024-11-21 15:48:00,s042,Frequency,Lunar Static,Electronic
00000000-0000-0000-0000-000000000401,2024-01-14 22:50:00,s011,Pale Curtain,The Velvet Underground Revival,Indie Rock
00000000-0000-0000-0000-000000000401,2024-02-07 14:30:00,s048,Sunbaked,Desert Bloom,Folk
00000000-0000-0000-0000-000000000401,2024-02-14 06:42:00,s005,Frozen Echoes,Aurora Skies,Ambient
00000000-0000-0000-0000-000000000401,2024-02-25 19:40:00,s002,Winter Haze,Aurora Skies,Ambient
00000000-0000-0000-0000-000000000401,2024-05-08 17:39:00,s031,Still Water,Glass Harbor,Ambient
00000000-0000-0000-0000-000000000401,2024-05-20 10:30:00,s029,Phase Shift,Echo Chamber,Electronic
00000000-0000-0000-0000-000000000401,2024-08-01 09:56:00,s014,Glass Mural,The Velvet Underground Revival,Indie Rock
00000000-0000-0000-0000-000000000401,2024-08-28 02:35:00,s039,Bridge Section,The Wandering Keys,Jazz
00000000-0000-0000-0000-000000000402,2024-02-16 02:21:00,s048,Sunbaked,Desert Bloom,Folk
00000000-0000-0000-0000-000000000402,2024-02-22 13:50:00,s024,Uncharted,Midnight Atlas,Indie Rock
00000000-0000-0000-0000-000000000402,2024-03-01 03:17:00,s018,Red Horizon,Sol Collective,Folk
00000000-0000-0000-0000-000000000402,2024-03-08 12:57:00,s016,Desert Dawn,Sol Collective,Folk
00000000-0000-0000-0000-000000000402,2024-03-15 06:48:00,s007,Neon Rain,Neon Drift,Electronic
00000000-0000-0000-0000-000000000402,2024-04-12 19:40:00,s050,Monsoon,Desert Bloom,Folk
00000000-0000-0000-0000-000000000402,2024-04-15 11:28:00,s041,Dead Channel,Lunar Static,Electronic
00000000-0000-0000-0000-000000000402,2024-04-16 07:26:00,s005,Frozen Echoes,Aurora Skies,Ambient
00000000-0000-0000-0000-000000000402,2024-04-25 01:24:00,s020,Ochre Light,Sol Collective,Folk
00000000-0000-0000-0000-000000000402,2024-05-03 07:31:00,s010,Infrared,Neon Drift,Electronic
00000000-0000-0000-0000-000000000402,2024-05-05 14:26:00,s020,Ochre Light,Sol Collective,Folk
00000000-0000-0000-0000-000000000402,2024-05-15 06:43:00,s003,Polar Drift,Aurora Skies,Ambient
00000000-0000-0000-0000-000000000402,2024-06-13 04:13:00,s044,Noise Floor,Lunar Static,Electronic
00000000-0000-0000-0000-000000000402,2024-06-13 12:10:00,s021,Compass Rose,Midnight Atlas,Indie Rock
00000000-0000-0000-0000-000000000402,2024-06-27 11:37:00,s006,City Pulse,Neon Drift,Electronic
00000000-0000-0000-0000-000000000402,2024-06-29 06:42:00,s023,Latitude Blues,Midnight Atlas,Indie Rock
00000000-0000-0000-0000-000000000402,2024-07-11 06:37:00,s049,Arroya,Desert Bloom,Folk
00000000-0000-0000-0000-000000000402,2024-07-31 05:39:00,s025,Zero Degree,Midnight Atlas,Indie Rock
00000000-0000-0000-0000-000000000402,2024-07-31 08:08:00,s023,Latitude Blues,Midnight Atlas,Indie Rock
00000000-0000-0000-0000-000000000402,2024-10-16 04:03:00,s008,Signal Lost,Neon Drift,Electronic
00000000-0000-0000-0000-000000000402,2024-10-19 17:22:00,s046,First Rain,Desert Bloom,Folk
00000000-0000-0000-0000-000000000402,2024-10-22 01:39:00,s037,Pentatonic Dreams,The Wandering Keys,Jazz
00000000-0000-0000-0000-000000000402,2024-10-24 15:14:00,s026,Reverberation,Echo Chamber,Electronic
00000000-0000-0000-0000-000000000402,2024-11-01 19:54:00,s044,Noise Floor,Lunar Static,Electronic
00000000-0000-0000-0000-000000000402,2024-11-24 11:28:00,s008,Signal Lost,Neon Drift,Electronic
00000000-0000-0000-0000-000000000402,2024-12-06 14:29:00,s050,Monsoon,Desert Bloom,Folk
00000000-0000-0000-0000-000000000402,2024-12-08 11:57:00,s013,Bitter Honey,The Velvet Underground Revival,Indie Rock
00000000-0000-0000-0000-000000000402,2024-12-11 22:58:00,s047,Cactus Flower,Desert Bloom,Folk
00000000-0000-0000-0000-000000000402,2024-12-23 12:39:00,s013,Bitter Honey,The Velvet Underground Revival,Indie Rock
00000000-0000-0000-0000-000000000402,2024-12-27 20:33:00,s039,Bridge Section,The Wandering Keys,Jazz
00000000-0000-0000-0000-000000000403,2024-01-12 15:21:00,s049,Arroya,Desert Bloom,Folk
00000000-0000-0000-0000-000000000403,2024-01-13 01:29:00,s027,Standing Wave,Echo Chamber,Electronic
00000000-0000-0000-0000-000000000403,2024-01-18 03:09:00,s033,The Pier,Glass Harbor,Ambient
00000000-0000-0000-0000-000000000403,2024-01-20 06:36:00,s042,Frequency,Lunar Static,Electronic
00000000-0000-0000-0000-000000000403,2024-03-06 16:45:00,s031,Still Water,Glass Harbor,Ambient
00000000-0000-0000-0000-000000000403,2024-03-19 01:43:00,s011,Pale Curtain,The Velvet Underground Revival,Indie Rock
00000000-0000-0000-0000-000000000403,2024-03-20 00:43:00,s039,Bridge Section,The Wandering Keys,Jazz
00000000-0000-0000-0000-000000000403,2024-03-31 15:01:00,s021,Compass Rose,Midnight Atlas,Indie Rock
00000000-0000-0000-0000-000000000403,2024-04-03 13:26:00,s030,Quiet Noise,Echo Chamber,Electronic
00000000-0000-0000-0000-000000000403,2024-04-06 11:40:00,s044,Noise Floor,Lunar Static,Electronic
00000000-0000-0000-0000-000000000403,2024-04-10 17:25:00,s016,Desert Dawn,Sol Collective,Folk
00000000-0000-0000-0000-000000000403,2024-04-28 17:45:00,s029,Phase Shift,Echo Chamber,Electronic
00000000-0000-0000-0000-000000000403,2024-05-04 00:14:00,s006,City Pulse,Neon Drift,Electronic
00000000-0000-0000-0000-000000000403,2024-06-12 12:11:00,s013,Bitter Honey,The Velvet Underground Revival,Indie Rock
00000000-0000-0000-0000-000000000403,2024-07-03 02:11:00,s014,Glass Mural,The Velvet Underground Revival,Indie Rock
00000000-0000-0000-0000-000000000403,2024-07-07 09:19:00,s010,Infrared,Neon Drift,Electronic
00000000-0000-0000-0000-000000000403,2024-07-18 02:30:00,s045,White Static,Lunar Static,Electronic
00000000-0000-0000-0000-000000000403,2024-07-22 08:38:00,s037,Pentatonic Dreams,The Wandering Keys,Jazz
00000000-0000-0000-0000-000000000403,2024-08-06 01:47:00,s025,Zero Degree,Midnight Atlas,Indie Rock
00000000-0000-0000-0000-000000000403,2024-08-06 01:55:00,s036,Minor Key,The Wandering Keys,Jazz
00000000-0000-0000-0000-000000000403,2024-08-06 20:24:00,s020,Ochre Light,Sol Collective,Folk
00000000-0000-0000-0000-000000000403,2024-08-11 06:41:00,s012,Sunday Haze,The Velvet Underground Revival,Indie Rock
00000000-0000-0000-0000-000000000403,2024-08-22 00:30:00,s023,Latitude Blues,Midnight Atlas,Indie Rock
00000000-0000-0000-0000-000000000403,2024-09-07 14:11:00,s003,Polar Drift,Aurora Skies,Ambient
00000000-0000-0000-0000-000000000403,2024-09-13 17:08:00,s021,Compass Rose,Midnight Atlas,Indie Rock
00000000-0000-0000-0000-000000000403,2024-10-04 09:02:00,s032,Low Tide,Glass Harbor,Ambient
00000000-0000-0000-0000-000000000403,2024-10-18 14:58:00,s029,Phase Shift,Echo Chamber,Electronic
00000000-0000-0000-0000-000000000403,2024-10-22 20:21:00,s026,Reverberation,Echo Chamber,Electronic
00000000-0000-0000-0000-000000000403,2024-11-30 01:52:00,s021,Compass Rose,Midnight Atlas,Indie Rock
00000000-0000-0000-0000-000000000404,2024-02-01 08:30:00,s027,Standing Wave,Echo Chamber,Electronic
00000000-0000-0000-0000-000000000404,2024-02-02 17:12:00,s032,Low Tide,Glass Harbor,Ambient
00000000-0000-0000-0000-000000000404,2024-02-05 22:02:00,s021,Compass Rose,Midnight Atlas,Indie Rock
00000000-0000-0000-0000-000000000404,2024-03-25 18:34:00,s034,Salt Air,Glass Harbor,Ambient
00000000-0000-0000-0000-000000000404,2024-08-06 13:42:00,s003,Polar Drift,Aurora Skies,Ambient
00000000-0000-0000-0000-000000000404,2024-09-04 06:13:00,s006,City Pulse,Neon Drift,Electronic
00000000-0000-0000-0000-000000000404,2024-10-02 22:07:00,s001,Northern Lights,Aurora Skies,Ambient
00000000-0000-0000-0000-000000000404,2024-11-16 03:24:00,s036,Minor Key,The Wandering Keys,Jazz
00000000-0000-0000-0000-000000000404,2024-12-12 18:34:00,s039,Bridge Section,The Wandering Keys,Jazz
00000000-0000-0000-0000-000000000405,2024-01-06 14:16:00,s017,Sand and Sky,Sol Collective,Folk
00000000-0000-0000-0000-000000000405,2024-01-21 17:49:00,s044,Noise Floor,Lunar Static,Electronic
00000000-0000-0000-0000-000000000405,2024-01-24 20:49:00,s031,Still Water,Glass Harbor,Ambient
00000000-0000-0000-0000-000000000405,2024-02-04 15:15:00,s040,Coda,The Wandering Keys,Jazz
00000000-0000-0000-0000-000000000405,2024-02-23 03:03:00,s015,Slow Burn,The Velvet Underground Revival,Indie Rock
00000000-0000-0000-0000-000000000405,2024-03-08 00:24:00,s027,Standing Wave,Echo Chamber,Electronic
00000000-0000-0000-0000-000000000405,2024-05-07 14:50:00,s014,Glass Mural,The Velvet Underground Revival,Indie Rock
00000000-0000-0000-0000-000000000405,2024-06-07 02:28:00,s041,Dead Channel,Lunar Static,Electronic
00000000-0000-0000-0000-000000000405,2024-06-07 10:28:00,s002,Winter Haze,Aurora Skies,Ambient
00000000-0000-0000-0000-000000000405,2024-06-18 16:32:00,s023,Latitude Blues,Midnight Atlas,Indie Rock
00000000-0000-0000-0000-000000000405,2024-06-30 01:45:00,s007,Neon Rain,Neon Drift,Electronic
00000000-0000-0000-0000-000000000405,2024-07-12 14:24:00,s038,The Cadenza,The Wandering Keys,Jazz
00000000-0000-0000-0000-000000000405,2024-07-17 21:35:00,s015,Slow Burn,The Velvet Underground Revival,Indie Rock
00000000-0000-0000-0000-000000000405,2024-08-17 13:41:00,s033,The Pier,Glass Harbor,Ambient
00000000-0000-0000-0000-000000000405,2024-08-26 23:44:00,s017,Sand and Sky,Sol Collective,Folk
00000000-0000-0000-0000-000000000405,2024-09-27 23:13:00,s010,Infrared,Neon Drift,Electronic
00000000-0000-0000-0000-000000000405,2024-10-21 08:40:00,s047,Cactus Flower,Desert Bloom,Folk
00000000-0000-0000-0000-000000000405,2024-11-01 03:02:00,s037,Pentatonic Dreams,The Wandering Keys,Jazz
00000000-0000-0000-0000-000000000405,2024-11-30 02:53:00,s026,Reverberation,Echo Chamber,Electronic
00000000-0000-0000-0000-000000000405,2024-12-26 15:19:00,s045,White Static,Lunar Static,Electronic
00000000-0000-0000-0000-000000000406,2024-03-08 08:55:00,s036,Minor Key,The Wandering Keys,Jazz
00000000-0000-0000-0000-000000000406,2024-03-10 21:58:00,s027,Standing Wave,Echo Chamber,Electronic
00000000-0000-0000-0000-000000000406,2024-03-18 22:25:00,s042,Frequency,Lunar Static,Electronic
00000000-0000-0000-0000-000000000406,2024-04-01 19:50:00,s023,Latitude Blues,Midnight Atlas,Indie Rock
00000000-0000-0000-0000-000000000406,2024-04-05 01:37:00,s019,The Long Road,Sol Collective,Folk
00000000-0000-0000-0000-000000000406,2024-04-13 10:31:00,s041,Dead Channel,Lunar Static,Electronic
00000000-0000-0000-0000-000000000406,2024-04-14 09:09:00,s046,First Rain,Desert Bloom,Folk
00000000-0000-0000-0000-000000000406,2024-04-17 17:24:00,s024,Uncharted,Midnight Atlas,Indie Rock
00000000-0000-0000-0000-000000000406,2024-05-09 02:09:00,s039,Bridge Section,The Wandering Keys,Jazz
00000000-0000-0000-0000-000000000406,2024-06-12 15:08:00,s030,Quiet Noise,Echo Chamber,Electronic
00000000-0000-0000-0000-000000000406,2024-07-17 07:32:00,s050,Monsoon,Desert Bloom,Folk
00000000-0000-0000-0000-000000000406,2024-07-27 00:59:00,s035,Morning Fog,Glass Harbor,Ambient
00000000-0000-0000-0000-000000000406,2024-11-02 02:47:00,s019,The Long Road,Sol Collective,Folk
00000000-0000-0000-0000-000000000406,2024-11-22 05:53:00,s012,Sunday Haze,The Velvet Underground Revival,Indie Rock
00000000-0000-0000-0000-000000000406,2024-11-30 06:03:00,s048,Sunbaked,Desert Bloom,Folk
00000000-0000-0000-0000-000000000406,2024-12-03 09:52:00,s038,The Cadenza,The Wandering Keys,Jazz
00000000-0000-0000-0000-000000000406,2024-12-30 00:47:00,s040,Coda,The Wandering Keys,Jazz
00000000-0000-0000-0000-000000000407,2024-01-22 00:26:00,s047,Cactus Flower,Desert Bloom,Folk
00000000-0000-0000-0000-000000000407,2024-01-22 01:05:00,s044,Noise Floor,Lunar Static,Electronic
00000000-0000-0000-0000-000000000407,2024-01-28 10:21:00,s033,The Pier,Glass Harbor,Ambient
00000000-0000-0000-0000-000000000407,2024-02-01 12:53:00,s018,Red Horizon,Sol Collective,Folk
00000000-0000-0000-0000-000000000407,2024-04-05 19:14:00,s050,Monsoon,Desert Bloom,Folk
00000000-0000-0000-0000-000000000407,2024-05-28 06:36:00,s002,Winter Haze,Aurora Skies,Ambient
00000000-0000-0000-0000-000000000407,2024-07-07 19:43:00,s039,Bridge Section,The Wandering Keys,Jazz
00000000-0000-0000-0000-000000000407,2024-08-05 16:08:00,s027,Standing Wave,Echo Chamber,Electronic
00000000-0000-0000-0000-000000000407,2024-09-03 06:47:00,s035,Morning Fog,Glass Harbor,Ambient
00000000-0000-0000-0000-000000000407,2024-09-05 16:31:00,s021,Compass Rose,Midnight Atlas,Indie Rock
00000000-0000-0000-0000-000000000407,2024-09-08 23:12:00,s047,Cactus Flower,Desert Bloom,Folk
00000000-0000-0000-0000-000000000407,2024-09-26 00:12:00,s039,Bridge Section,The Wandering Keys,Jazz
00000000-0000-0000-0000-000000000407,2024-10-01 06:35:00,s004,Midnight Sun,Aurora Skies,Ambient
00000000-0000-0000-0000-000000000407,2024-11-04 22:09:00,s049,Arroya,Desert Bloom,Folk
00000000-0000-0000-0000-000000000407,2024-11-27 20:22:00,s050,Monsoon,Desert Bloom,Folk
00000000-0000-0000-0000-000000000407,2024-12-03 19:28:00,s034,Salt Air,Glass Harbor,Ambient
00000000-0000-0000-0000-000000000407,2024-12-07 16:13:00,s046,First Rain,Desert Bloom,Folk
00000000-0000-0000-0000-000000000407,2024-12-09 11:32:00,s019,The Long Road,Sol Collective,Folk
00000000-0000-0000-0000-000000000407,2024-12-14 09:22:00,s020,Ochre Light,Sol Collective,Folk
00000000-0000-0000-0000-000000000407,2024-12-20 14:31:00,s004,Midnight Sun,Aurora Skies,Ambient
00000000-0000-0000-0000-000000000407,2024-12-23 16:47:00,s022,Third Meridian,Midnight Atlas,Indie Rock
00000000-0000-0000-0000-000000000408,2024-01-04 19:09:00,s030,Quiet Noise,Echo Chamber,Electronic
00000000-0000-0000-0000-000000000408,2024-02-26 01:47:00,s040,Coda,The Wandering Keys,Jazz
00000000-0000-0000-0000-000000000408,2024-02-27 22:05:00,s044,Noise Floor,Lunar Static,Electronic
00000000-0000-0000-0000-000000000408,2024-03-06 00:18:00,s032,Low Tide,Glass Harbor,Ambient
00000000-0000-0000-0000-000000000408,2024-03-20 17:30:00,s022,Third Meridian,Midnight Atlas,Indie Rock
00000000-0000-0000-0000-000000000408,2024-04-01 00:07:00,s016,Desert Dawn,Sol Collective,Folk
00000000-0000-0000-0000-000000000408,2024-04-04 19:36:00,s016,Desert Dawn,Sol Collective,Folk
00000000-0000-0000-0000-000000000408,2024-04-21 09:54:00,s024,Uncharted,Midnight Atlas,Indie Rock
00000000-0000-0000-0000-000000000408,2024-04-30 16:16:00,s034,Salt Air,Glass Harbor,Ambient
00000000-0000-0000-0000-000000000408,2024-05-07 06:19:00,s008,Signal Lost,Neon Drift,Electronic
00000000-0000-0000-0000-000000000408,2024-05-08 22:25:00,s034,Salt Air,Glass Harbor,Ambient
00000000-0000-0000-0000-000000000408,2024-05-15 12:55:00,s012,Sunday Haze,The Velvet Underground Revival,Indie Rock
00000000-0000-0000-0000-000000000408,2024-06-03 10:25:00,s017,Sand and Sky,Sol Collective,Folk
00000000-0000-0000-0000-000000000408,2024-06-11 16:25:00,s016,Desert Dawn,Sol Collective,Folk
00000000-0000-0000-0000-000000000408,2024-06-21 02:22:00,s048,Sunbaked,Desert Bloom,Folk
00000000-0000-0000-0000-000000000408,2024-06-30 07:04:00,s038,The Cadenza,The Wandering Keys,Jazz
00000000-0000-0000-0000-000000000408,2024-07-01 14:44:00,s019,The Long Road,Sol Collective,Folk
00000000-0000-0000-0000-000000000408,2024-07-15 03:55:00,s034,Salt Air,Glass Harbor,Ambient
00000000-0000-0000-0000-000000000408,2024-07-20 14:36:00,s021,Compass Rose,Midnight Atlas,Indie Rock
00000000-0000-0000-0000-000000000408,2024-08-29 15:47:00,s008,Signal Lost,Neon Drift,Electronic
00000000-0000-0000-0000-000000000408,2024-09-07 14:06:00,s016,Desert Dawn,Sol Collective,Folk
00000000-0000-0000-0000-000000000408,2024-09-16 13:41:00,s025,Zero Degree,Midnight Atlas,Indie Rock
00000000-0000-0000-0000-000000000408,2024-09-25 00:53:00,s048,Sunbaked,Desert Bloom,Folk
00000000-0000-0000-0000-000000000408,2024-09-25 22:43:00,s004,Midnight Sun,Aurora Skies,Ambient
00000000-0000-0000-0000-000000000408,2024-11-24 17:09:00,s046,First Rain,Desert Bloom,Folk
00000000-0000-0000-0000-000000000408,2024-12-24 17:01:00,s049,Arroya,Desert Bloom,Folk
00000000-0000-0000-0000-000000000409,2024-01-04 20:00:00,s028,Room Tone,Echo Chamber,Electronic
00000000-0000-0000-0000-000000000409,2024-01-09 02:33:00,s017,Sand and Sky,Sol Collective,Folk
00000000-0000-0000-0000-000000000409,2024-02-09 02:01:00,s015,Slow Burn,The Velvet Underground Revival,Indie Rock
00000000-0000-0000-0000-000000000409,2024-02-13 16:56:00,s001,Northern Lights,Aurora Skies,Ambient
00000000-0000-0000-0000-000000000409,2024-02-20 08:18:00,s010,Infrared,Neon Drift,Electronic
00000000-0000-0000-0000-000000000409,2024-03-27 08:49:00,s011,Pale Curtain,The Velvet Underground Revival,Indie Rock
00000000-0000-0000-0000-000000000409,2024-03-29 03:57:00,s016,Desert Dawn,Sol Collective,Folk
00000000-0000-0000-0000-000000000409,2024-04-03 06:34:00,s029,Phase Shift,Echo Chamber,Electronic
00000000-0000-0000-0000-000000000409,2024-04-06 15:08:00,s037,Pentatonic Dreams,The Wandering Keys,Jazz
00000000-0000-0000-0000-000000000409,2024-04-07 22:07:00,s003,Polar Drift,Aurora Skies,Ambient
00000000-0000-0000-0000-000000000409,2024-04-27 00:00:00,s012,Sunday Haze,The Velvet Underground Revival,Indie Rock
00000000-0000-0000-0000-000000000409,2024-05-10 18:14:00,s039,Bridge Section,The Wandering Keys,Jazz
00000000-0000-0000-0000-000000000409,2024-06-23 22:21:00,s037,Pentatonic Dreams,The Wandering Keys,Jazz
00000000-0000-0000-0000-000000000409,2024-07-04 18:52:00,s017,Sand and Sky,Sol Collective,Folk
00000000-0000-0000-0000-000000000409,2024-08-13 06:42:00,s028,Room Tone,Echo Chamber,Electronic
00000000-0000-0000-0000-000000000409,2024-08-30 17:21:00,s037,Pentatonic Dreams,The Wandering Keys,Jazz
00000000-0000-0000-0000-000000000409,2024-09-11 07:31:00,s030,Quiet Noise,Echo Chamber,Electronic
00000000-0000-0000-0000-000000000409,2024-10-01 20:02:00,s039,Bridge Section,The Wandering Keys,Jazz
00000000-0000-0000-0000-000000000409,2024-11-12 07:51:00,s025,Zero Degree,Midnight Atlas,Indie Rock
00000000-0000-0000-0000-000000000409,2024-11-23 02:57:00,s044,Noise Floor,Lunar Static,Electronic
00000000-0000-0000-0000-000000000409,2024-12-23 07:08:00,s048,Sunbaked,Desert Bloom,Folk
00000000-0000-0000-0000-000000000409,2024-12-25 23:27:00,s013,Bitter Honey,The Velvet Underground Revival,Indie Rock
00000000-0000-0000-0000-000000000409,2024-12-28 10:52:00,s038,The Cadenza,The Wandering Keys,Jazz
00000000-0000-0000-0000-00000000040a,2024-01-02 11:01:00,s038,The Cadenza,The Wandering Keys,Jazz
00000000-0000-0000-0000-00000000040a,2024-01-12 05:30:00,s029,Phase Shift,Echo Chamber,Electronic
00000000-0000-0000-0000-00000000040a,2024-01-30 22:49:00,s043,The Signal,Lunar Static,Electronic
00000000-0000-0000-0000-00000000040a,2024-03-06 19:12:00,s043,The Signal,Lunar Static,Electronic
00000000-0000-0000-0000-00000000040a,2024-03-18 16:24:00,s019,The Long Road,Sol Collective,Folk
00000000-0000-0000-0000-00000000040a,2024-03-30 13:36:00,s003,Polar Drift,Aurora Skies,Ambient
00000000-0000-0000-0000-00000000040a,2024-05-23 03:10:00,s014,Glass Mural,The Velvet Underground Revival,Indie Rock
00000000-0000-0000-0000-00000000040a,2024-06-15 02:03:00,s028,Room Tone,Echo Chamber,Electronic
00000000-0000-0000-0000-00000000040a,2024-07-07 22:54:00,s025,Zero Degree,Midnight Atlas,Indie Rock
00000000-0000-0000-0000-00000000040a,2024-07-15 05:06:00,s020,Ochre Light,Sol Collective,Folk
00000000-0000-0000-0000-00000000040a,2024-07-23 23:47:00,s033,The Pier,Glass Harbor,Ambient
00000000-0000-0000-0000-00000000040a,2024-08-10 06:24:00,s035,Morning Fog,Glass Harbor,Ambient
00000000-0000-0000-0000-00000000040a,2024-08-15 22:01:00,s050,Monsoon,Desert Bloom,Folk
00000000-0000-0000-0000-00000000040a,2024-10-21 01:14:00,s001,Northern Lights,Aurora Skies,Ambient
00000000-0000-0000-0000-00000000040a,2024-11-13 07:02:00,s019,The Long Road,Sol Collective,Folk
00000000-0000-0000-0000-00000000040a,2024-11-21 07:13:00,s009,Electric Blue,Neon Drift,Electronic
00000000-0000-0000-0000-00000000040a,2024-11-22 14:50:00,s005,Frozen Echoes,Aurora Skies,Ambient
00000000-0000-0000-0000-00000000040a,2024-11-23 02:01:00,s012,Sunday Haze,The Velvet Underground Revival,Indie Rock
00000000-0000-0000-0000-00000000040a,2024-12-10 16:47:00,s021,Compass Rose,Midnight Atlas,Indie Rock
00000000-0000-0000-0000-00000000040b,2024-02-11 19:13:00,s004,Midnight Sun,Aurora Skies,Ambient
00000000-0000-0000-0000-00000000040b,2024-02-29 13:05:00,s028,Room Tone,Echo Chamber,Electronic
00000000-0000-0000-0000-00000000040b,2024-03-20 16:24:00,s020,Ochre Light,Sol Collective,Folk
00000000-0000-0000-0000-00000000040b,2024-03-23 21:22:00,s012,Sunday Haze,The Velvet Underground Revival,Indie Rock
00000000-0000-0000-0000-00000000040b,2024-04-09 18:17:00,s039,Bridge Section,The Wandering Keys,Jazz
00000000-0000-0000-0000-00000000040b,2024-04-13 10:54:00,s040,Coda,The Wandering Keys,Jazz
00000000-0000-0000-0000-00000000040b,2024-04-23 19:56:00,s004,Midnight Sun,Aurora Skies,Ambient
00000000-0000-0000-0000-00000000040b,2024-05-16 06:25:00,s032,Low Tide,Glass Harbor,Ambient
00000000-0000-0000-0000-00000000040b,2024-06-03 11:11:00,s010,Infrared,Neon Drift,Electronic
00000000-0000-0000-0000-00000000040b,2024-06-15 13:37:00,s031,Still Water,Glass Harbor,Ambient
00000000-0000-0000-0000-00000000040b,2024-06-17 23:42:00,s019,The Long Road,Sol Collective,Folk
00000000-0000-0000-0000-00000000040b,2024-06-20 01:10:00,s012,Sunday Haze,The Velvet Underground Revival,Indie Rock
00000000-0000-0000-0000-00000000040b,2024-06-20 18:52:00,s015,Slow Burn,The Velvet Underground Revival,Indie Rock
00000000-0000-0000-0000-00000000040b,2024-07-27 09:37:00,s030,Quiet Noise,Echo Chamber,Electronic
00000000-0000-0000-0000-00000000040b,2024-08-15 20:52:00,s049,Arroya,Desert Bloom,Folk
00000000-0000-0000-0000-00000000040b,2024-08-16 14:43:00,s013,Bitter Honey,The Velvet Underground Revival,Indie Rock
00000000-0000-0000-0000-00000000040b,2024-10-07 10:43:00,s014,Glass Mural,The Velvet Underground Revival,Indie Rock
00000000-0000-0000-0000-00000000040b,2024-11-07 22:00:00,s031,Still Water,Glass Harbor,Ambient
00000000-0000-0000-0000-00000000040b,2024-11-17 18:33:00,s017,Sand and Sky,Sol Collective,Folk
00000000-0000-0000-0000-00000000040b,2024-11-18 00:03:00,s030,Quiet Noise,Echo Chamber,Electronic
00000000-0000-0000-0000-00000000040b,2024-12-18 21:38:00,s023,Latitude Blues,Midnight Atlas,Indie Rock
00000000-0000-0000-0000-00000000040c,2024-01-11 03:29:00,s048,Sunbaked,Desert Bloom,Folk
00000000-0000-0000-0000-00000000040c,2024-01-11 17:30:00,s015,Slow Burn,The Velvet Underground Revival,Indie Rock
00000000-0000-0000-0000-00000000040c,2024-01-12 10:26:00,s031,Still Water,Glass Harbor,Ambient
00000000-0000-0000-0000-00000000040c,2024-01-12 21:08:00,s019,The Long Road,Sol Collective,Folk
00000000-0000-0000-0000-00000000040c,2024-02-29 08:23:00,s030,Quiet Noise,Echo Chamber,Electronic
00000000-0000-0000-0000-00000000040c,2024-03-12 16:40:00,s037,Pentatonic Dreams,The Wandering Keys,Jazz
00000000-0000-0000-0000-00000000040c,2024-03-18 17:23:00,s023,Latitude Blues,Midnight Atlas,Indie Rock
00000000-0000-0000-0000-00000000040c,2024-03-25 23:14:00,s001,Northern Lights,Aurora Skies,Ambient
00000000-0000-0000-0000-00000000040c,2024-03-27 18:17:00,s007,Neon Rain,Neon Drift,Electronic
00000000-0000-0000-0000-00000000040c,2024-05-09 01:47:00,s020,Ochre Light,Sol Collective,Folk
00000000-0000-0000-0000-00000000040c,2024-05-21 14:07:00,s043,The Signal,Lunar Static,Electronic
00000000-0000-0000-0000-00000000040c,2024-06-05 02:29:00,s044,Noise Floor,Lunar Static,Electronic
00000000-0000-0000-0000-00000000040c,2024-06-09 06:28:00,s016,Desert Dawn,Sol Collective,Folk
00000000-0000-0000-0000-00000000040c,2024-06-13 12:53:00,s031,Still Water,Glass Harbor,Ambient
00000000-0000-0000-0000-00000000040c,2024-06-21 21:32:00,s033,The Pier,Glass Harbor,Ambient
00000000-0000-0000-0000-00000000040c,2024-06-22 15:08:00,s025,Zero Degree,Midnight Atlas,Indie Rock
00000000-0000-0000-0000-00000000040c,2024-07-21 14:13:00,s019,The Long Road,Sol Collective,Folk
00000000-0000-0000-0000-00000000040c,2024-07-24 18:35:00,s040,Coda,The Wandering Keys,Jazz
00000000-0000-0000-0000-00000000040c,2024-08-30 15:18:00,s022,Third Meridian,Midnight Atlas,Indie Rock
00000000-0000-0000-0000-00000000040c,2024-10-14 01:33:00,s042,Frequency,Lunar Static,Electronic
00000000-0000-0000-0000-00000000040c,2024-10-21 03:41:00,s023,Latitude Blues,Midnight Atlas,Indie Rock
00000000-0000-0000-0000-00000000040d,2024-01-14 05:46:00,s033,The Pier,Glass Harbor,Ambient
00000000-0000-0000-0000-00000000040d,2024-02-04 04:58:00,s040,Coda,The Wandering Keys,Jazz
00000000-0000-0000-0000-00000000040d,2024-02-04 11:12:00,s045,White Static,Lunar Static,Electronic
00000000-0000-0000-0000-00000000040d,2024-03-18 03:17:00,s018,Red Horizon,Sol Collective,Folk
00000000-0000-0000-0000-00000000040d,2024-04-10 06:23:00,s039,Bridge Section,The Wandering Keys,Jazz
00000000-0000-0000-0000-00000000040d,2024-05-17 12:35:00,s018,Red Horizon,Sol Collective,Folk
00000000-0000-0000-0000-00000000040d,2024-07-15 10:54:00,s027,Standing Wave,Echo Chamber,Electronic
00000000-0000-0000-0000-00000000040d,2024-09-09 07:13:00,s005,Frozen Echoes,Aurora Skies,Ambient
00000000-0000-0000-0000-00000000040d,2024-12-26 20:44:00,s032,Low Tide,Glass Harbor,Ambient
00000000-0000-0000-0000-00000000040e,2024-01-06 17:47:00,s016,Desert Dawn,Sol Collective,Folk
00000000-0000-0000-0000-00000000040e,2024-01-20 18:01:00,s030,Quiet Noise,Echo Chamber,Electronic
00000000-0000-0000-0000-00000000040e,2024-01-30 10:35:00,s049,Arroya,Desert Bloom,Folk
00000000-0000-0000-0000-00000000040e,2024-02-23 11:23:00,s016,Desert Dawn,Sol Collective,Folk
00000000-0000-0000-0000-00000000040e,2024-03-20 10:31:00,s002,Winter Haze,Aurora Skies,Ambient
00000000-0000-0000-0000-00000000040e,2024-03-24 18:39:00,s018,Red Horizon,Sol Collective,Folk
00000000-0000-0000-0000-00000000040e,2024-04-01 18:37:00,s025,Zero Degree,Midnight Atlas,Indie Rock
00000000-0000-0000-0000-00000000040e,2024-04-25 07:20:00,s035,Morning Fog,Glass Harbor,Ambient
00000000-0000-0000-0000-00000000040e,2024-05-11 04:49:00,s006,City Pulse,Neon Drift,Electronic
00000000-0000-0000-0000-00000000040e,2024-05-26 12:00:00,s008,Signal Lost,Neon Drift,Electronic
00000000-0000-0000-0000-00000000040e,2024-07-09 03:54:00,s039,Bridge Section,The Wandering Keys,Jazz
00000000-0000-0000-0000-00000000040e,2024-07-18 17:31:00,s024,Uncharted,Midnight Atlas,Indie Rock
00000000-0000-0000-0000-00000000040e,2024-07-24 04:36:00,s016,Desert Dawn,Sol Collective,Folk
00000000-0000-0000-0000-00000000040e,2024-08-11 01:09:00,s023,Latitude Blues,Midnight Atlas,Indie Rock
00000000-0000-0000-0000-00000000040e,2024-08-29 07:49:00,s026,Reverberation,Echo Chamber,Electronic
00000000-0000-0000-0000-00000000040e,2024-09-04 11:20:00,s006,City Pulse,Neon Drift,Electronic
00000000-0000-0000-0000-00000000040e,2024-09-21 09:23:00,s048,Sunbaked,Desert Bloom,Folk
00000000-0000-0000-0000-00000000040e,2024-09-28 18:20:00,s021,Compass Rose,Midnight Atlas,Indie Rock
00000000-0000-0000-0000-00000000040e,2024-11-03 12:38:00,s041,Dead Channel,Lunar Static,Electronic
00000000-0000-0000-0000-00000000040e,2024-11-03 15:18:00,s022,Third Meridian,Midnight Atlas,Indie Rock
00000000-0000-0000-0000-00000000040e,2024-11-29 05:54:00,s011,Pale Curtain,The Velvet Underground Revival,Indie Rock
00000000-0000-0000-0000-00000000040e,2024-12-17 00:21:00,s006,City Pulse,Neon Drift,Electronic
00000000-0000-0000-0000-00000000040f,2024-01-03 04:20:00,s016,Desert Dawn,Sol Collective,Folk
00000000-0000-0000-0000-00000000040f,2024-02-01 16:41:00,s033,The Pier,Glass Harbor,Ambient
00000000-0000-0000-0000-00000000040f,2024-03-01 06:50:00,s007,Neon Rain,Neon Drift,Electronic
00000000-0000-0000-0000-00000000040f,2024-03-05 01:38:00,s008,Signal Lost,Neon Drift,Electronic
00000000-0000-0000-0000-00000000040f,2024-03-27 17:33:00,s032,Low Tide,Glass Harbor,Ambient
00000000-0000-0000-0000-00000000040f,2024-04-17 03:29:00,s036,Minor Key,The Wandering Keys,Jazz
00000000-0000-0000-0000-00000000040f,2024-04-22 06:28:00,s026,Reverberation,Echo Chamber,Electronic
00000000-0000-0000-0000-00000000040f,2024-05-11 05:13:00,s035,Morning Fog,Glass Harbor,Ambient
00000000-0000-0000-0000-00000000040f,2024-05-18 08:50:00,s005,Frozen Echoes,Aurora Skies,Ambient
00000000-0000-0000-0000-00000000040f,2024-05-26 18:21:00,s023,Latitude Blues,Midnight Atlas,Indie Rock
00000000-0000-0000-0000-00000000040f,2024-06-02 01:07:00,s031,Still Water,Glass Harbor,Ambient
00000000-0000-0000-0000-00000000040f,2024-06-05 02:29:00,s015,Slow Burn,The Velvet Underground Revival,Indie Rock
00000000-0000-0000-0000-00000000040f,2024-06-27 06:08:00,s020,Ochre Light,Sol Collective,Folk
00000000-0000-0000-0000-00000000040f,2024-07-05 06:43:00,s001,Northern Lights,Aurora Skies,Ambient
00000000-0000-0000-0000-00000000040f,2024-07-06 21:32:00,s028,Room Tone,Echo Chamber,Electronic
00000000-0000-0000-0000-00000000040f,2024-07-19 01:42:00,s041,Dead Channel,Lunar Static,Electronic
00000000-0000-0000-0000-00000000040f,2024-08-05 05:43:00,s049,Arroya,Desert Bloom,Folk
00000000-0000-0000-0000-00000000040f,2024-08-06 18:11:00,s010,Infrared,Neon Drift,Electronic
00000000-0000-0000-0000-00000000040f,2024-08-13 16:26:00,s016,Desert Dawn,Sol Collective,Folk
00000000-0000-0000-0000-00000000040f,2024-08-16 06:08:00,s007,Neon Rain,Neon Drift,Electronic
00000000-0000-0000-0000-00000000040f,2024-09-10 14:58:00,s006,City Pulse,Neon Drift,Electronic
00000000-0000-0000-0000-00000000040f,2024-09-17 22:24:00,s018,Red Horizon,Sol Collective,Folk
00000000-0000-0000-0000-00000000040f,2024-10-21 17:08:00,s003,Polar Drift,Aurora Skies,Ambient
00000000-0000-0000-0000-00000000040f,2024-11-01 16:47:00,s025,Zero Degree,Midnight Atlas,Indie Rock
00000000-0000-0000-0000-00000000040f,2024-11-04 05:53:00,s021,Compass Rose,Midnight Atlas,Indie Rock
00000000-0000-0000-0000-00000000040f,2024-11-09 00:07:00,s035,Morning Fog,Glass Harbor,Ambient
00000000-0000-0000-0000-00000000040f,2024-11-19 05:59:00,s007,Neon Rain,Neon Drift,Electronic
00000000-0000-0000-0000-00000000040f,2024-12-10 00:32:00,s010,Infrared,Neon Drift,Electronic
00000000-0000-0000-0000-00000000040f,2024-12-15 09:44:00,s050,Monsoon,Desert Bloom,Folk
00000000-0000-0000-0000-000000000410,2024-01-14 19:04:00,s014,Glass Mural,The Velvet Underground Revival,Indie Rock
00000000-0000-0000-0000-000000000410,2024-01-17 22:58:00,s042,Frequency,Lunar Static,Electronic
00000000-0000-0000-0000-000000000410,2024-02-03 14:50:00,s021,Compass Rose,Midnight Atlas,Indie Rock
00000000-0000-0000-0000-000000000410,2024-02-03 18:57:00,s005,Frozen Echoes,Aurora Skies,Ambient
00000000-0000-0000-0000-000000000410,2024-02-10 02:16:00,s040,Coda,The Wandering Keys,Jazz
00000000-0000-0000-0000-000000000410,2024-03-11 19:24:00,s013,Bitter Honey,The Velvet Underground Revival,Indie Rock
00000000-0000-0000-0000-000000000410,2024-04-02 11:47:00,s050,Monsoon,Desert Bloom,Folk
00000000-0000-0000-0000-000000000410,2024-04-27 13:03:00,s036,Minor Key,The Wandering Keys,Jazz
00000000-0000-0000-0000-000000000410,2024-05-10 23:53:00,s034,Salt Air,Glass Harbor,Ambient
00000000-0000-0000-0000-000000000410,2024-05-26 17:29:00,s044,Noise Floor,Lunar Static,Electronic
00000000-0000-0000-0000-000000000410,2024-06-12 03:41:00,s026,Reverberation,Echo Chamber,Electronic
00000000-0000-0000-0000-000000000410,2024-06-24 02:03:00,s045,White Static,Lunar Static,Electronic
00000000-0000-0000-0000-000000000410,2024-06-26 09:29:00,s034,Salt Air,Glass Harbor,Ambient
00000000-0000-0000-0000-000000000410,2024-06-30 15:55:00,s032,Low Tide,Glass Harbor,Ambient
00000000-0000-0000-0000-000000000410,2024-07-01 21:10:00,s046,First Rain,Desert Bloom,Folk
00000000-0000-0000-0000-000000000410,2024-07-17 06:00:00,s005,Frozen Echoes,Aurora Skies,Ambient
00000000-0000-0000-0000-000000000410,2024-08-08 13:25:00,s044,Noise Floor,Lunar Static,Electronic
00000000-0000-0000-0000-000000000410,2024-08-11 01:01:00,s050,Monsoon,Desert Bloom,Folk
00000000-0000-0000-0000-000000000410,2024-08-13 21:19:00,s023,Latitude Blues,Midnight Atlas,Indie Rock
00000000-0000-0000-0000-000000000410,2024-08-16 13:07:00,s007,Neon Rain,Neon Drift,Electronic
00000000-0000-0000-0000-000000000410,2024-10-12 09:31:00,s025,Zero Degree,Midnight Atlas,Indie Rock
00000000-0000-0000-0000-000000000410,2024-11-11 03:10:00,s039,Bridge Section,The Wandering Keys,Jazz
00000000-0000-0000-0000-000000000410,2024-11-14 00:31:00,s049,Arroya,Desert Bloom,Folk
00000000-0000-0000-0000-000000000410,2024-12-31 10:48:00,s029,Phase Shift,Echo Chamber,Electronic
00000000-0000-0000-0000-000000000411,2024-01-07 11:55:00,s009,Electric Blue,Neon Drift,Electronic
00000000-0000-0000-0000-000000000411,2024-01-29 14:47:00,s044,Noise Floor,Lunar Static,Electronic
00000000-0000-0000-0000-000000000411,2024-02-09 04:56:00,s006,City Pulse,Neon Drift,Electronic
00000000-0000-0000-0000-000000000411,2024-02-14 00:51:00,s022,Third Meridian,Midnight Atlas,Indie Rock
00000000-0000-0000-0000-000000000411,2024-02-28 00:22:00,s018,Red Horizon,Sol Collective,Folk
00000000-0000-0000-0000-000000000411,2024-03-06 22:00:00,s033,The Pier,Glass Harbor,Ambient
00000000-0000-0000-0000-000000000411,2024-03-15 10:37:00,s020,Ochre Light,Sol Collective,Folk
00000000-0000-0000-0000-000000000411,2024-03-27 02:49:00,s041,Dead Channel,Lunar Static,Electronic
00000000-0000-0000-0000-000000000411,2024-04-05 23:37:00,s019,The Long Road,Sol Collective,Folk
00000000-0000-0000-0000-000000000411,2024-04-10 04:28:00,s035,Morning Fog,Glass Harbor,Ambient
00000000-0000-0000-0000-000000000411,2024-04-19 10:33:00,s031,Still Water,Glass Harbor,Ambient
00000000-0000-0000-0000-000000000411,2024-05-04 21:59:00,s044,Noise Floor,Lunar Static,Electronic
00000000-0000-0000-0000-000000000411,2024-05-19 17:55:00,s005,Frozen Echoes,Aurora Skies,Ambient
00000000-0000-0000-0000-000000000411,2024-06-04 04:17:00,s005,Frozen Echoes,Aurora Skies,Ambient
00000000-0000-0000-0000-000000000411,2024-06-18 12:33:00,s030,Quiet Noise,Echo Chamber,Electronic
00000000-0000-0000-0000-000000000411,2024-07-05 00:47:00,s038,The Cadenza,The Wandering Keys,Jazz
00000000-0000-0000-0000-000000000411,2024-07-22 19:36:00,s015,Slow Burn,The Velvet Underground Revival,Indie Rock
00000000-0000-0000-0000-000000000411,2024-07-23 19:45:00,s026,Reverberation,Echo Chamber,Electronic
00000000-0000-0000-0000-000000000411,2024-08-02 03:57:00,s012,Sunday Haze,The Velvet Underground Revival,Indie Rock
00000000-0000-0000-0000-000000000411,2024-08-07 03:15:00,s029,Phase Shift,Echo Chamber,Electronic
00000000-0000-0000-0000-000000000411,2024-08-08 01:59:00,s007,Neon Rain,Neon Drift,Electronic
00000000-0000-0000-0000-000000000411,2024-08-12 03:55:00,s023,Latitude Blues,Midnight Atlas,Indie Rock
00000000-0000-0000-0000-000000000411,2024-08-19 17:58:00,s034,Salt Air,Glass Harbor,Ambient
00000000-0000-0000-0000-000000000411,2024-08-26 06:22:00,s001,Northern Lights,Aurora Skies,Ambient
00000000-0000-0000-0000-000000000411,2024-08-31 08:36:00,s005,Frozen Echoes,Aurora Skies,Ambient
00000000-0000-0000-0000-000000000411,2024-09-26 00:35:00,s024,Uncharted,Midnight Atlas,Indie Rock
00000000-0000-0000-0000-000000000411,2024-10-29 05:14:00,s004,Midnight Sun,Aurora Skies,Ambient
00000000-0000-0000-0000-000000000411,2024-11-04 16:29:00,s041,Dead Channel,Lunar Static,Electronic
00000000-0000-0000-0000-000000000411,2024-11-10 19:12:00,s011,Pale Curtain,The Velvet Underground Revival,Indie Rock
00000000-0000-0000-0000-000000000411,2024-12-01 11:28:00,s004,Midnight Sun,Aurora Skies,Ambient
00000000-0000-0000-0000-000000000412,2024-01-01 00:19:00,s023,Latitude Blues,Midnight Atlas,Indie Rock
00000000-0000-0000-0000-000000000412,2024-03-11 03:56:00,s027,Standing Wave,Echo Chamber,Electronic
00000000-0000-0000-0000-000000000412,2024-03-16 18:37:00,s042,Frequency,Lunar Static,Electronic
00000000-0000-0000-0000-000000000412,2024-04-11 22:35:00,s036,Minor Key,The Wandering Keys,Jazz
00000000-0000-0000-0000-000000000412,2024-04-15 23:58:00,s037,Pentatonic Dreams,The Wandering Keys,Jazz
00000000-0000-0000-0000-000000000412,2024-04-21 09:28:00,s020,Ochre Light,Sol Collective,Folk
00000000-0000-0000-0000-000000000412,2024-05-04 12:36:00,s003,Polar Drift,Aurora Skies,Ambient
00000000-0000-0000-0000-000000000412,2024-05-26 15:27:00,s011,Pale Curtain,The Velvet Underground Revival,Indie Rock
00000000-0000-0000-0000-000000000412,2024-05-31 16:40:00,s031,Still Water,Glass Harbor,Ambient
00000000-0000-0000-0000-000000000412,2024-06-30 22:29:00,s032,Low Tide,Glass Harbor,Ambient
00000000-0000-0000-0000-000000000412,2024-07-07 07:27:00,s027,Standing Wave,Echo Chamber,Electronic
00000000-0000-0000-0000-000000000412,2024-07-21 15:08:00,s038,The Cadenza,The Wandering Keys,Jazz
00000000-0000-0000-0000-000000000412,2024-08-16 00:04:00,s016,Desert Dawn,Sol Collective,Folk
00000000-0000-0000-0000-000000000412,2024-08-21 18:37:00,s031,Still Water,Glass Harbor,Ambient
00000000-0000-0000-0000-000000000412,2024-08-26 10:02:00,s016,Desert Dawn,Sol Collective,Folk
00000000-0000-0000-0000-000000000412,2024-10-12 15:11:00,s035,Morning Fog,Glass Harbor,Ambient
00000000-0000-0000-0000-000000000412,2024-10-16 18:01:00,s005,Frozen Echoes,Aurora Skies,Ambient
00000000-0000-0000-0000-000000000412,2024-10-28 00:11:00,s014,Glass Mural,The Velvet Underground Revival,Indie Rock
00000000-0000-0000-0000-000000000412,2024-10-31 07:17:00,s006,City Pulse,Neon Drift,Electronic
00000000-0000-0000-0000-000000000412,2024-11-01 23:39:00,s026,Reverberation,Echo Chamber,Electronic
00000000-0000-0000-0000-000000000412,2024-11-02 16:13:00,s035,Morning Fog,Glass Harbor,Ambient
00000000-0000-0000-0000-000000000412,2024-11-09 05:17:00,s004,Midnight Sun,Aurora Skies,Ambient
00000000-0000-0000-0000-000000000412,2024-11-22 05:37:00,s038,The Cadenza,The Wandering Keys,Jazz
00000000-0000-0000-0000-000000000412,2024-11-26 09:05:00,s009,Electric Blue,Neon Drift,Electronic
00000000-0000-0000-0000-000000000412,2024-11-29 15:15:00,s041,Dead Channel,Lunar Static,Electronic
00000000-0000-0000-0000-000000000412,2024-12-05 18:46:00,s036,Minor Key,The Wandering Keys,Jazz
00000000-0000-0000-0000-000000000412,2024-12-13 06:09:00,s022,Third Meridian,Midnight Atlas,Indie Rock
00000000-0000-0000-0000-000000000412,2024-12-25 16:58:00,s043,The Signal,Lunar Static,Electronic
00000000-0000-0000-0000-000000000413,2024-01-02 15:55:00,s037,Pentatonic Dreams,The Wandering Keys,Jazz
00000000-0000-0000-0000-000000000413,2024-01-11 23:39:00,s005,Frozen Echoes,Aurora Skies,Ambient
00000000-0000-0000-0000-000000000413,2024-01-27 19:45:00,s040,Coda,The Wandering Keys,Jazz
00000000-0000-0000-0000-000000000413,2024-03-16 22:33:00,s028,Room Tone,Echo Chamber,Electronic
00000000-0000-0000-0000-000000000413,2024-03-29 12:20:00,s016,Desert Dawn,Sol Collective,Folk
00000000-0000-0000-0000-000000000413,2024-04-04 16:34:00,s015,Slow Burn,The Velvet Underground Revival,Indie Rock
00000000-0000-0000-0000-000000000413,2024-04-09 10:16:00,s019,The Long Road,Sol Collective,Folk
00000000-0000-0000-0000-000000000413,2024-04-17 19:20:00,s039,Bridge Section,The Wandering Keys,Jazz
00000000-0000-0000-0000-000000000413,2024-04-24 22:51:00,s040,Coda,The Wandering Keys,Jazz
00000000-0000-0000-0000-000000000413,2024-06-05 23:46:00,s039,Bridge Section,The Wandering Keys,Jazz
00000000-0000-0000-0000-000000000413,2024-06-13 21:23:00,s037,Pentatonic Dreams,The Wandering Keys,Jazz
00000000-0000-0000-0000-000000000413,2024-06-24 09:13:00,s049,Arroya,Desert Bloom,Folk
00000000-0000-0000-0000-000000000413,2024-07-27 20:47:00,s019,The Long Road,Sol Collective,Folk
00000000-0000-0000-0000-000000000413,2024-08-04 15:06:00,s008,Signal Lost,Neon Drift,Electronic
00000000-0000-0000-0000-000000000413,2024-11-18 05:54:00,s050,Monsoon,Desert Bloom,Folk
00000000-0000-0000-0000-000000000413,2024-12-09 16:03:00,s013,Bitter Honey,The Velvet Underground Revival,Indie Rock
00000000-0000-0000-0000-000000000413,2024-12-31 02:36:00,s023,Latitude Blues,Midnight Atlas,Indie Rock
00000000-0000-0000-0000-000000000414,2024-01-02 16:38:00,s012,Sunday Haze,The Velvet Underground Revival,Indie Rock
00000000-0000-0000-0000-000000000414,2024-01-06 01:22:00,s042,Frequency,Lunar Static,Electronic
00000000-0000-0000-0000-000000000414,2024-01-15 03:19:00,s039,Bridge Section,The Wandering Keys,Jazz
00000000-0000-0000-0000-000000000414,2024-01-15 14:08:00,s020,Ochre Light,Sol Collective,Folk
00000000-0000-0000-0000-000000000414,2024-01-20 14:44:00,s007,Neon Rain,Neon Drift,Electronic
00000000-0000-0000-0000-000000000414,2024-03-25 16:54:00,s006,City Pulse,Neon Drift,Electronic
00000000-0000-0000-0000-000000000414,2024-05-09 20:09:00,s023,Latitude Blues,Midnight Atlas,Indie Rock
00000000-0000-0000-0000-000000000414,2024-05-14 06:13:00,s006,City Pulse,Neon Drift,Electronic
00000000-0000-0000-0000-000000000414,2024-06-12 07:57:00,s048,Sunbaked,Desert Bloom,Folk
00000000-0000-0000-0000-000000000414,2024-07-17 19:55:00,s023,Latitude Blues,Midnight Atlas,Indie Rock
00000000-0000-0000-0000-000000000414,2024-08-21 21:59:00,s024,Uncharted,Midnight Atlas,Indie Rock
00000000-0000-0000-0000-000000000414,2024-09-21 11:37:00,s018,Red Horizon,Sol Collective,Folk
00000000-0000-0000-0000-000000000414,2024-10-03 23:35:00,s039,Bridge Section,The Wandering Keys,Jazz
00000000-0000-0000-0000-000000000414,2024-10-21 21:00:00,s016,Desert Dawn,Sol Collective,Folk
00000000-0000-0000-0000-000000000414,2024-10-31 21:50:00,s047,Cactus Flower,Desert Bloom,Folk
00000000-0000-0000-0000-000000000414,2024-11-18 05:23:00,s023,Latitude Blues,Midnight Atlas,Indie Rock
00000000-0000-0000-0000-000000000414,2024-11-30 16:52:00,s007,Neon Rain,Neon Drift,Electronic
00000000-0000-0000-0000-000000000414,2024-12-11 17:07:00,s017,Sand and Sky,Sol Collective,Folk
00000000-0000-0000-0000-000000000415,2024-01-17 10:49:00,s041,Dead Channel,Lunar Static,Electronic
00000000-0000-0000-0000-000000000415,2024-02-21 04:21:00,s007,Neon Rain,Neon Drift,Electronic
00000000-0000-0000-0000-000000000415,2024-03-25 08:57:00,s047,Cactus Flower,Desert Bloom,Folk
00000000-0000-0000-0000-000000000415,2024-04-20 10:04:00,s003,Polar Drift,Aurora Skies,Ambient
00000000-0000-0000-0000-000000000415,2024-04-21 23:36:00,s033,The Pier,Glass Harbor,Ambient
00000000-0000-0000-0000-000000000415,2024-05-17 19:58:00,s041,Dead Channel,Lunar Static,Electronic
00000000-0000-0000-0000-000000000415,2024-05-24 00:35:00,s010,Infrared,Neon Drift,Electronic
00000000-0000-0000-0000-000000000415,2024-07-03 17:02:00,s005,Frozen Echoes,Aurora Skies,Ambient
00000000-0000-0000-0000-000000000415,2024-08-28 03:42:00,s048,Sunbaked,Desert Bloom,Folk
00000000-0000-0000-0000-000000000415,2024-09-27 15:43:00,s043,The Signal,Lunar Static,Electronic
00000000-0000-0000-0000-000000000416,2024-03-07 16:50:00,s050,Monsoon,Desert Bloom,Folk
00000000-0000-0000-0000-000000000416,2024-03-17 07:40:00,s010,Infrared,Neon Drift,Electronic
00000000-0000-0000-0000-000000000416,2024-04-27 12:02:00,s007,Neon Rain,Neon Drift,Electronic
00000000-0000-0000-0000-000000000416,2024-05-04 07:38:00,s040,Coda,The Wandering Keys,Jazz
00000000-0000-0000-0000-000000000416,2024-06-16 15:49:00,s045,White Static,Lunar Static,Electronic
00000000-0000-0000-0000-000000000416,2024-07-01 08:26:00,s014,Glass Mural,The Velvet Underground Revival,Indie Rock
00000000-0000-0000-0000-000000000416,2024-08-10 22:09:00,s041,Dead Channel,Lunar Static,Electronic
00000000-0000-0000-0000-000000000416,2024-09-10 23:03:00,s032,Low Tide,Glass Harbor,Ambient
00000000-0000-0000-0000-000000000416,2024-11-10 16:18:00,s040,Coda,The Wandering Keys,Jazz
00000000-0000-0000-0000-000000000416,2024-12-18 13:22:00,s027,Standing Wave,Echo Chamber,Electronic
00000000-0000-0000-0000-000000000417,2024-01-06 19:11:00,s041,Dead Channel,Lunar Static,Electronic
00000000-0000-0000-0000-000000000417,2024-01-08 12:24:00,s041,Dead Channel,Lunar Static,Electronic
00000000-0000-0000-0000-000000000417,2024-02-21 17:09:00,s042,Frequency,Lunar Static,Electronic
00000000-0000-0000-0000-000000000417,2024-03-04 23:15:00,s014,Glass Mural,The Velvet Underground Revival,Indie Rock
00000000-0000-0000-0000-000000000417,2024-03-18 19:24:00,s046,First Rain,Desert Bloom,Folk
00000000-0000-0000-0000-000000000417,2024-07-26 18:29:00,s050,Monsoon,Desert Bloom,Folk
00000000-0000-0000-0000-000000000417,2024-09-03 04:46:00,s043,The Signal,Lunar Static,Electronic
00000000-0000-0000-0000-000000000417,2024-09-26 08:26:00,s003,Polar Drift,Aurora Skies,Ambient
00000000-0000-0000-0000-000000000417,2024-10-02 13:57:00,s009,Electric Blue,Neon Drift,Electronic
00000000-0000-0000-0000-000000000417,2024-10-26 13:15:00,s043,The Signal,Lunar Static,Electronic
00000000-0000-0000-0000-000000000417,2024-11-05 07:05:00,s035,Morning Fog,Glass Harbor,Ambient
00000000-0000-0000-0000-000000000417,2024-12-12 21:57:00,s011,Pale Curtain,The Velvet Underground Revival,Indie Rock
00000000-0000-0000-0000-000000000417,2024-12-20 19:23:00,s030,Quiet Noise,Echo Chamber,Electronic
00000000-0000-0000-0000-000000000417,2024-12-21 07:30:00,s040,Coda,The Wandering Keys,Jazz
00000000-0000-0000-0000-000000000417,2024-12-31 13:02:00,s018,Red Horizon,Sol Collective,Folk
00000000-0000-0000-0000-000000000418,2024-01-07 05:35:00,s020,Ochre Light,Sol Collective,Folk
00000000-0000-0000-0000-000000000418,2024-01-12 21:38:00,s047,Cactus Flower,Desert Bloom,Folk
00000000-0000-0000-0000-000000000418,2024-01-14 14:52:00,s019,The Long Road,Sol Collective,Folk
00000000-0000-0000-0000-000000000418,2024-02-08 00:04:00,s009,Electric Blue,Neon Drift,Electronic
00000000-0000-0000-0000-000000000418,2024-02-22 16:20:00,s007,Neon Rain,Neon Drift,Electronic
00000000-0000-0000-0000-000000000418,2024-02-27 13:02:00,s016,Desert Dawn,Sol Collective,Folk
00000000-0000-0000-0000-000000000418,2024-03-16 22:49:00,s006,City Pulse,Neon Drift,Electronic
00000000-0000-0000-0000-000000000418,2024-03-17 20:01:00,s008,Signal Lost,Neon Drift,Electronic
00000000-0000-0000-0000-000000000418,2024-04-21 19:39:00,s048,Sunbaked,Desert Bloom,Folk
00000000-0000-0000-0000-000000000418,2024-05-21 00:34:00,s030,Quiet Noise,Echo Chamber,Electronic
00000000-0000-0000-0000-000000000418,2024-07-13 10:00:00,s049,Arroya,Desert Bloom,Folk
00000000-0000-0000-0000-000000000418,2024-07-21 18:20:00,s049,Arroya,Desert Bloom,Folk
00000000-0000-0000-0000-000000000418,2024-08-18 17:45:00,s035,Morning Fog,Glass Harbor,Ambient
00000000-0000-0000-0000-000000000418,2024-08-22 20:14:00,s040,Coda,The Wandering Keys,Jazz
00000000-0000-0000-0000-000000000418,2024-10-02 01:00:00,s048,Sunbaked,Desert Bloom,Folk
00000000-0000-0000-0000-000000000418,2024-10-03 11:41:00,s049,Arroya,Desert Bloom,Folk
00000000-0000-0000-0000-000000000418,2024-11-16 01:18:00,s033,The Pier,Glass Harbor,Ambient
00000000-0000-0000-0000-000000000418,2024-11-22 16:38:00,s040,Coda,The Wandering Keys,Jazz
00000000-0000-0000-0000-000000000418,2024-12-31 22:36:00,s012,Sunday Haze,The Velvet Underground Revival,Indie Rock
00000000-0000-0000-0000-000000000419,2024-02-21 08:15:00,s024,Uncharted,Midnight Atlas,Indie Rock
00000000-0000-0000-0000-000000000419,2024-03-23 00:01:00,s043,The Signal,Lunar Static,Electronic
00000000-0000-0000-0000-000000000419,2024-03-30 15:18:00,s015,Slow Burn,The Velvet Underground Revival,Indie Rock
00000000-0000-0000-0000-000000000419,2024-05-23 18:57:00,s035,Morning Fog,Glass Harbor,Ambient
00000000-0000-0000-0000-000000000419,2024-06-22 18:14:00,s019,The Long Road,Sol Collective,Folk
00000000-0000-0000-0000-000000000419,2024-07-21 15:54:00,s045,White Static,Lunar Static,Electronic
00000000-0000-0000-0000-000000000419,2024-09-25 10:16:00,s004,Midnight Sun,Aurora Skies,Ambient
00000000-0000-0000-0000-000000000419,2024-10-08 04:04:00,s033,The Pier,Glass Harbor,Ambient
00000000-0000-0000-0000-000000000419,2024-11-10 13:47:00,s009,Electric Blue,Neon Drift,Electronic
00000000-0000-0000-0000-000000000419,2024-11-14 13:22:00,s006,City Pulse,Neon Drift,Electronic
00000000-0000-0000-0000-000000000419,2024-11-23 06:03:00,s028,Room Tone,Echo Chamber,Electronic
00000000-0000-0000-0000-000000000419,2024-11-24 13:50:00,s025,Zero Degree,Midnight Atlas,Indie Rock
00000000-0000-0000-0000-000000000419,2024-12-16 10:19:00,s044,Noise Floor,Lunar Static,Electronic
00000000-0000-0000-0000-00000000041a,2024-01-10 02:54:00,s032,Low Tide,Glass Harbor,Ambient
00000000-0000-0000-0000-00000000041a,2024-01-15 08:24:00,s024,Uncharted,Midnight Atlas,Indie Rock
00000000-0000-0000-0000-00000000041a,2024-01-28 15:55:00,s005,Frozen Echoes,Aurora Skies,Ambient
00000000-0000-0000-0000-00000000041a,2024-02-07 06:36:00,s020,Ochre Light,Sol Collective,Folk
00000000-0000-0000-0000-00000000041a,2024-03-05 16:25:00,s011,Pale Curtain,The Velvet Underground Revival,Indie Rock
00000000-0000-0000-0000-00000000041a,2024-03-29 10:12:00,s005,Frozen Echoes,Aurora Skies,Ambient
00000000-0000-0000-0000-00000000041a,2024-04-08 10:26:00,s049,Arroya,Desert Bloom,Folk
00000000-0000-0000-0000-00000000041a,2024-05-17 22:44:00,s003,Polar Drift,Aurora Skies,Ambient
00000000-0000-0000-0000-00000000041a,2024-05-20 09:44:00,s001,Northern Lights,Aurora Skies,Ambient
00000000-0000-0000-0000-00000000041a,2024-06-11 08:29:00,s015,Slow Burn,The Velvet Underground Revival,Indie Rock
00000000-0000-0000-0000-00000000041a,2024-06-19 12:49:00,s025,Zero Degree,Midnight Atlas,Indie Rock
00000000-0000-0000-0000-00000000041a,2024-09-02 08:41:00,s006,City Pulse,Neon Drift,Electronic
00000000-0000-0000-0000-00000000041a,2024-09-07 15:24:00,s005,Frozen Echoes,Aurora Skies,Ambient
00000000-0000-0000-0000-00000000041a,2024-09-28 12:04:00,s028,Room Tone,Echo Chamber,Electronic
00000000-0000-0000-0000-00000000041a,2024-11-18 02:38:00,s025,Zero Degree,Midnight Atlas,Indie Rock
00000000-0000-0000-0000-00000000041a,2024-11-30 11:08:00,s032,Low Tide,Glass Harbor,Ambient
00000000-0000-0000-0000-00000000041a,2024-11-30 19:12:00,s042,Frequency,Lunar Static,Electronic
00000000-0000-0000-0000-00000000041b,2024-02-14 19:07:00,s026,Reverberation,Echo Chamber,Electronic
00000000-0000-0000-0000-00000000041b,2024-03-02 15:40:00,s029,Phase Shift,Echo Chamber,Electronic
00000000-0000-0000-0000-00000000041b,2024-03-22 11:25:00,s008,Signal Lost,Neon Drift,Electronic
00000000-0000-0000-0000-00000000041b,2024-05-11 23:10:00,s023,Latitude Blues,Midnight Atlas,Indie Rock
00000000-0000-0000-0000-00000000041b,2024-05-23 17:08:00,s029,Phase Shift,Echo Chamber,Electronic
00000000-0000-0000-0000-00000000041b,2024-05-29 21:17:00,s002,Winter Haze,Aurora Skies,Ambient
00000000-0000-0000-0000-00000000041b,2024-07-18 15:27:00,s048,Sunbaked,Desert Bloom,Folk
00000000-0000-0000-0000-00000000041b,2024-09-24 19:58:00,s043,The Signal,Lunar Static,Electronic
00000000-0000-0000-0000-00000000041b,2024-10-07 17:09:00,s020,Ochre Light,Sol Collective,Folk
00000000-0000-0000-0000-00000000041b,2024-11-27 21:36:00,s050,Monsoon,Desert Bloom,Folk
00000000-0000-0000-0000-00000000041c,2024-01-03 07:35:00,s027,Standing Wave,Echo Chamber,Electronic
00000000-0000-0000-0000-00000000041c,2024-01-14 21:42:00,s038,The Cadenza,The Wandering Keys,Jazz
00000000-0000-0000-0000-00000000041c,2024-02-10 20:17:00,s031,Still Water,Glass Harbor,Ambient
00000000-0000-0000-0000-00000000041c,2024-03-15 23:49:00,s021,Compass Rose,Midnight Atlas,Indie Rock
00000000-0000-0000-0000-00000000041c,2024-03-24 12:38:00,s017,Sand and Sky,Sol Collective,Folk
00000000-0000-0000-0000-00000000041c,2024-04-24 01:17:00,s021,Compass Rose,Midnight Atlas,Indie Rock
00000000-0000-0000-0000-00000000041c,2024-04-25 04:32:00,s002,Winter Haze,Aurora Skies,Ambient
00000000-0000-0000-0000-00000000041c,2024-04-27 07:05:00,s029,Phase Shift,Echo Chamber,Electronic
00000000-0000-0000-0000-00000000041c,2024-05-08 07:35:00,s008,Signal Lost,Neon Drift,Electronic
00000000-0000-0000-0000-00000000041c,2024-05-12 22:02:00,s031,Still Water,Glass Harbor,Ambient
00000000-0000-0000-0000-00000000041c,2024-06-01 04:19:00,s038,The Cadenza,The Wandering Keys,Jazz
00000000-0000-0000-0000-00000000041c,2024-06-23 22:28:00,s006,City Pulse,Neon Drift,Electronic
00000000-0000-0000-0000-00000000041c,2024-06-30 01:48:00,s002,Winter Haze,Aurora Skies,Ambient
00000000-0000-0000-0000-00000000041c,2024-07-20 15:14:00,s030,Quiet Noise,Echo Chamber,Electronic
00000000-0000-0000-0000-00000000041c,2024-07-29 14:43:00,s027,Standing Wave,Echo Chamber,Electronic
00000000-0000-0000-0000-00000000041c,2024-07-31 00:32:00,s008,Signal Lost,Neon Drift,Electronic
00000000-0000-0000-0000-00000000041c,2024-08-13 12:08:00,s014,Glass Mural,The Velvet Underground Revival,Indie Rock
00000000-0000-0000-0000-00000000041c,2024-09-14 10:13:00,s047,Cactus Flower,Desert Bloom,Folk
00000000-0000-0000-0000-00000000041c,2024-09-24 17:07:00,s020,Ochre Light,Sol Collective,Folk
00000000-0000-0000-0000-00000000041c,2024-10-02 08:23:00,s045,White Static,Lunar Static,Electronic
00000000-0000-0000-0000-00000000041c,2024-10-09 05:11:00,s045,White Static,Lunar Static,Electronic
00000000-0000-0000-0000-00000000041c,2024-10-09 15:13:00,s012,Sunday Haze,The Velvet Underground Revival,Indie Rock
00000000-0000-0000-0000-00000000041c,2024-10-11 21:41:00,s015,Slow Burn,The Velvet Underground Revival,Indie Rock
00000000-0000-0000-0000-00000000041c,2024-10-23 07:04:00,s018,Red Horizon,Sol Collective,Folk
00000000-0000-0000-0000-00000000041c,2024-11-11 16:52:00,s021,Compass Rose,Midnight Atlas,Indie Rock
00000000-0000-0000-0000-00000000041c,2024-11-16 17:32:00,s047,Cactus Flower,Desert Bloom,Folk
00000000-0000-0000-0000-00000000041c,2024-12-02 16:58:00,s025,Zero Degree,Midnight Atlas,Indie Rock
00000000-0000-0000-0000-00000000041c,2024-12-16 16:37:00,s035,Morning Fog,Glass Harbor,Ambient
00000000-0000-0000-0000-00000000041c,2024-12-17 11:57:00,s047,Cactus Flower,Desert Bloom,Folk
00000000-0000-0000-0000-00000000041c,2024-12-21 13:08:00,s032,Low Tide,Glass Harbor,Ambient
00000000-0000-0000-0000-00000000041d,2024-01-27 12:25:00,s039,Bridge Section,The Wandering Keys,Jazz
00000000-0000-0000-0000-00000000041d,2024-01-31 01:03:00,s013,Bitter Honey,The Velvet Underground Revival,Indie Rock
00000000-0000-0000-0000-00000000041d,2024-02-04 04:22:00,s001,Northern Lights,Aurora Skies,Ambient
00000000-0000-0000-0000-00000000041d,2024-02-06 15:33:00,s033,The Pier,Glass Harbor,Ambient
00000000-0000-0000-0000-00000000041d,2024-02-16 11:23:00,s002,Winter Haze,Aurora Skies,Ambient
00000000-0000-0000-0000-00000000041d,2024-06-22 12:31:00,s034,Salt Air,Glass Harbor,Ambient
00000000-0000-0000-0000-00000000041d,2024-07-12 15:20:00,s031,Still Water,Glass Harbor,Ambient
00000000-0000-0000-0000-00000000041d,2024-07-18 15:44:00,s001,Northern Lights,Aurora Skies,Ambient
00000000-0000-0000-0000-00000000041d,2024-07-28 01:15:00,s043,The Signal,Lunar Static,Electronic
00000000-0000-0000-0000-00000000041d,2024-07-30 02:27:00,s021,Compass Rose,Midnight Atlas,Indie Rock
00000000-0000-0000-0000-00000000041d,2024-08-09 14:17:00,s046,First Rain,Desert Bloom,Folk
00000000-0000-0000-0000-00000000041d,2024-08-24 17:31:00,s014,Glass Mural,The Velvet Underground Revival,Indie Rock
00000000-0000-0000-0000-00000000041d,2024-11-06 08:56:00,s033,The Pier,Glass Harbor,Ambient
00000000-0000-0000-0000-00000000041d,2024-11-09 23:28:00,s040,Coda,The Wandering Keys,Jazz
00000000-0000-0000-0000-00000000041e,2024-01-18 11:27:00,s021,Compass Rose,Midnight Atlas,Indie Rock
00000000-0000-0000-0000-00000000041e,2024-02-11 05:23:00,s033,The Pier,Glass Harbor,Ambient
00000000-0000-0000-0000-00000000041e,2024-02-18 21:30:00,s050,Monsoon,Desert Bloom,Folk
00000000-0000-0000-0000-00000000041e,2024-03-07 14:31:00,s035,Morning Fog,Glass Harbor,Ambient
00000000-0000-0000-0000-00000000041e,2024-03-20 18:17:00,s045,White Static,Lunar Static,Electronic
00000000-0000-0000-0000-00000000041e,2024-03-21 18:42:00,s015,Slow Burn,The Velvet Underground Revival,Indie Rock
00000000-0000-0000-0000-00000000041e,2024-05-11 19:40:00,s029,Phase Shift,Echo Chamber,Electronic
00000000-0000-0000-0000-00000000041e,2024-05-23 03:33:00,s026,Reverberation,Echo Chamber,Electronic
00000000-0000-0000-0000-00000000041e,2024-06-08 10:30:00,s043,The Signal,Lunar Static,Electronic
00000000-0000-0000-0000-00000000041e,2024-06-18 23:58:00,s043,The Signal,Lunar Static,Electronic
00000000-0000-0000-0000-00000000041e,2024-07-09 10:24:00,s036,Minor Key,The Wandering Keys,Jazz
00000000-0000-0000-0000-00000000041e,2024-07-13 03:55:00,s041,Dead Channel,Lunar Static,Electronic
00000000-0000-0000-0000-00000000041e,2024-07-14 03:49:00,s037,Pentatonic Dreams,The Wandering Keys,Jazz
00000000-0000-0000-0000-00000000041e,2024-07-15 12:44:00,s034,Salt Air,Glass Harbor,Ambient
00000000-0000-0000-0000-00000000041e,2024-07-24 03:57:00,s012,Sunday Haze,The Velvet Underground Revival,Indie Rock
00000000-0000-0000-0000-00000000041e,2024-07-27 10:10:00,s031,Still Water,Glass Harbor,Ambient
00000000-0000-0000-0000-00000000041e,2024-08-01 10:57:00,s020,Ochre Light,Sol Collective,Folk
00000000-0000-0000-0000-00000000041e,2024-08-21 00:09:00,s039,Bridge Section,The Wandering Keys,Jazz
00000000-0000-0000-0000-00000000041e,2024-09-09 12:46:00,s041,Dead Channel,Lunar Static,Electronic
00000000-0000-0000-0000-00000000041e,2024-09-15 18:24:00,s040,Coda,The Wandering Keys,Jazz
00000000-0000-0000-0000-00000000041e,2024-09-23 07:53:00,s013,Bitter Honey,The Velvet Underground Revival,Indie Rock
00000000-0000-0000-0000-00000000041e,2024-09-30 21:29:00,s010,Infrared,Neon Drift,Electronic
00000000-0000-0000-0000-00000000041e,2024-10-11 08:10:00,s046,First Rain,Desert Bloom,Folk
00000000-0000-0000-0000-00000000041e,2024-10-15 19:48:00,s002,Winter Haze,Aurora Skies,Ambient
00000000-0000-0000-0000-00000000041e,2024-11-01 08:57:00,s037,Pentatonic Dreams,The Wandering Keys,Jazz
00000000-0000-0000-0000-00000000041e,2024-11-12 08:52:00,s008,Signal Lost,Neon Drift,Electronic
00000000-0000-0000-0000-00000000041e,2024-11-16 19:21:00,s034,Salt Air,Glass Harbor,Ambient
00000000-0000-0000-0000-00000000041e,2024-12-29 09:43:00,s027,Standing Wave,Echo Chamber,Electronic
00000000-0000-0000-0000-00000000041f,2024-01-08 19:34:00,s017,Sand and Sky,Sol Collective,Folk
00000000-0000-0000-0000-00000000041f,2024-01-15 04:00:00,s015,Slow Burn,The Velvet Underground Revival,Indie Rock
00000000-0000-0000-0000-00000000041f,2024-02-02 22:36:00,s034,Salt Air,Glass Harbor,Ambient
00000000-0000-0000-0000-00000000041f,2024-02-08 15:11:00,s032,Low Tide,Glass Harbor,Ambient
00000000-0000-0000-0000-00000000041f,2024-02-19 20:42:00,s050,Monsoon,Desert Bloom,Folk
00000000-0000-0000-0000-00000000041f,2024-03-02 22:18:00,s035,Morning Fog,Glass Harbor,Ambient
00000000-0000-0000-0000-00000000041f,2024-03-05 07:50:00,s042,Frequency,Lunar Static,Electronic
00000000-0000-0000-0000-00000000041f,2024-04-02 04:57:00,s013,Bitter Honey,The Velvet Underground Revival,Indie Rock
00000000-0000-0000-0000-00000000041f,2024-06-08 23:46:00,s019,The Long Road,Sol Collective,Folk
00000000-0000-0000-0000-00000000041f,2024-06-20 20:25:00,s030,Quiet Noise,Echo Chamber,Electronic
00000000-0000-0000-0000-00000000041f,2024-07-01 17:50:00,s010,Infrared,Neon Drift,Electronic
00000000-0000-0000-0000-00000000041f,2024-07-30 10:18:00,s015,Slow Burn,The Velvet Underground Revival,Indie Rock
00000000-0000-0000-0000-00000000041f,2024-08-15 04:22:00,s030,Quiet Noise,Echo Chamber,Electronic
00000000-0000-0000-0000-00000000041f,2024-08-24 08:16:00,s009,Electric Blue,Neon Drift,Electronic
00000000-0000-0000-0000-00000000041f,2024-09-08 00:52:00,s001,Northern Lights,Aurora Skies,Ambient
00000000-0000-0000-0000-00000000041f,2024-09-14 00:59:00,s017,Sand and Sky,Sol Collective,Folk
00000000-0000-0000-0000-00000000041f,2024-09-21 04:48:00,s046,First Rain,Desert Bloom,Folk
00000000-0000-0000-0000-00000000041f,2024-10-14 17:16:00,s042,Frequency,Lunar Static,Electronic
00000000-0000-0000-0000-00000000041f,2024-10-29 12:15:00,s010,Infrared,Neon Drift,Electronic
00000000-0000-0000-0000-00000000041f,2024-11-02 10:32:00,s020,Ochre Light,Sol Collective,Folk
00000000-0000-0000-0000-00000000041f,2024-11-03 20:29:00,s018,Red Horizon,Sol Collective,Folk
00000000-0000-0000-0000-00000000041f,2024-11-06 03:07:00,s018,Red Horizon,Sol Collective,Folk
00000000-0000-0000-0000-00000000041f,2024-11-08 07:14:00,s045,White Static,Lunar Static,Electronic
00000000-0000-0000-0000-00000000041f,2024-11-10 02:27:00,s037,Pentatonic Dreams,The Wandering Keys,Jazz
00000000-0000-0000-0000-00000000041f,2024-12-21 22:16:00,s007,Neon Rain,Neon Drift,Electronic
00000000-0000-0000-0000-000000000420,2024-01-20 13:33:00,s046,First Rain,Desert Bloom,Folk
00000000-0000-0000-0000-000000000420,2024-04-14 21:14:00,s042,Frequency,Lunar Static,Electronic
00000000-0000-0000-0000-000000000420,2024-05-21 04:43:00,s005,Frozen Echoes,Aurora Skies,Ambient
00000000-0000-0000-0000-000000000420,2024-06-09 11:31:00,s025,Zero Degree,Midnight Atlas,Indie Rock
00000000-0000-0000-0000-000000000420,2024-07-09 18:53:00,s029,Phase Shift,Echo Chamber,Electronic
00000000-0000-0000-0000-000000000420,2024-08-14 11:16:00,s048,Sunbaked,Desert Bloom,Folk
00000000-0000-0000-0000-000000000420,2024-08-18 09:57:00,s021,Compass Rose,Midnight Atlas,Indie Rock
00000000-0000-0000-0000-000000000420,2024-09-04 09:42:00,s018,Red Horizon,Sol Collective,Folk
00000000-0000-0000-0000-000000000420,2024-10-05 13:38:00,s001,Northern Lights,Aurora Skies,Ambient
00000000-0000-0000-0000-000000000420,2024-10-22 02:19:00,s012,Sunday Haze,The Velvet Underground Revival,Indie Rock
00000000-0000-0000-0000-000000000420,2024-11-02 20:06:00,s035,Morning Fog,Glass Harbor,Ambient
00000000-0000-0000-0000-000000000420,2024-11-10 15:19:00,s049,Arroya,Desert Bloom,Folk
00000000-0000-0000-0000-000000000420,2024-11-10 18:05:00,s009,Electric Blue,Neon Drift,Electronic
00000000-0000-0000-0000-000000000420,2024-11-14 12:08:00,s006,City Pulse,Neon Drift,Electronic
00000000-0000-0000-0000-000000000420,2024-12-08 23:06:00,s025,Zero Degree,Midnight Atlas,Indie Rock
00000000-0000-0000-0000-000000000420,2024-12-11 14:37:00,s028,Room Tone,Echo Chamber,Electronic
00000000-0000-0000-0000-000000000421,2024-01-06 02:27:00,s040,Coda,The Wandering Keys,Jazz
00000000-0000-0000-0000-000000000421,2024-01-14 01:21:00,s048,Sunbaked,Desert Bloom,Folk
00000000-0000-0000-0000-000000000421,2024-01-27 02:19:00,s030,Quiet Noise,Echo Chamber,Electronic
00000000-0000-0000-0000-000000000421,2024-01-31 14:00:00,s033,The Pier,Glass Harbor,Ambient
00000000-0000-0000-0000-000000000421,2024-02-06 11:35:00,s007,Neon Rain,Neon Drift,Electronic
00000000-0000-0000-0000-000000000421,2024-03-11 00:24:00,s006,City Pulse,Neon Drift,Electronic
00000000-0000-0000-0000-000000000421,2024-03-21 04:57:00,s034,Salt Air,Glass Harbor,Ambient
00000000-0000-0000-0000-000000000421,2024-04-16 16:25:00,s049,Arroya,Desert Bloom,Folk
00000000-0000-0000-0000-000000000421,2024-04-24 13:45:00,s035,Morning Fog,Glass Harbor,Ambient
00000000-0000-0000-0000-000000000421,2024-05-05 08:05:00,s018,Red Horizon,Sol Collective,Folk
00000000-0000-0000-0000-000000000421,2024-05-18 05:32:00,s006,City Pulse,Neon Drift,Electronic
00000000-0000-0000-0000-000000000421,2024-06-17 19:07:00,s041,Dead Channel,Lunar Static,Electronic
00000000-0000-0000-0000-000000000421,2024-07-11 07:27:00,s003,Polar Drift,Aurora Skies,Ambient
00000000-0000-0000-0000-000000000421,2024-07-15 15:57:00,s042,Frequency,Lunar Static,Electronic
00000000-0000-0000-0000-000000000421,2024-08-26 08:38:00,s021,Compass Rose,Midnight Atlas,Indie Rock
00000000-0000-0000-0000-000000000421,2024-09-02 21:31:00,s047,Cactus Flower,Desert Bloom,Folk
00000000-0000-0000-0000-000000000421,2024-09-08 02:05:00,s035,Morning Fog,Glass Harbor,Ambient
00000000-0000-0000-0000-000000000421,2024-10-08 21:12:00,s002,Winter Haze,Aurora Skies,Ambient
00000000-0000-0000-0000-000000000421,2024-10-12 07:06:00,s019,The Long Road,Sol Collective,Folk
00000000-0000-0000-0000-000000000421,2024-11-13 10:18:00,s008,Signal Lost,Neon Drift,Electronic
00000000-0000-0000-0000-000000000421,2024-11-16 08:32:00,s021,Compass Rose,Midnight Atlas,Indie Rock
00000000-0000-0000-0000-000000000421,2024-12-08 21:44:00,s040,Coda,The Wandering Keys,Jazz
00000000-0000-0000-0000-000000000421,2024-12-26 03:01:00,s010,Infrared,Neon Drift,Electronic
00000000-0000-0000-0000-000000000422,2024-01-29 17:00:00,s021,Compass Rose,Midnight Atlas,Indie Rock
00000000-0000-0000-0000-000000000422,2024-01-30 12:15:00,s033,The Pier,Glass Harbor,Ambient
00000000-0000-0000-0000-000000000422,2024-02-11 02:23:00,s003,Polar Drift,Aurora Skies,Ambient
00000000-0000-0000-0000-000000000422,2024-02-11 14:25:00,s001,Northern Lights,Aurora Skies,Ambient
00000000-0000-0000-0000-000000000422,2024-02-18 04:30:00,s025,Zero Degree,Midnight Atlas,Indie Rock
00000000-0000-0000-0000-000000000422,2024-02-23 17:48:00,s026,Reverberation,Echo Chamber,Electronic
00000000-0000-0000-0000-000000000422,2024-04-08 12:16:00,s005,Frozen Echoes,Aurora Skies,Ambient
00000000-0000-0000-0000-000000000422,2024-05-11 17:15:00,s034,Salt Air,Glass Harbor,Ambient
00000000-0000-0000-0000-000000000422,2024-05-13 13:25:00,s006,City Pulse,Neon Drift,Electronic
00000000-0000-0000-0000-000000000422,2024-05-14 20:54:00,s006,City Pulse,Neon Drift,Electronic
00000000-0000-0000-0000-000000000422,2024-06-02 22:01:00,s019,The Long Road,Sol Collective,Folk
00000000-0000-0000-0000-000000000422,2024-06-05 20:44:00,s016,Desert Dawn,Sol Collective,Folk
00000000-0000-0000-0000-000000000422,2024-07-10 12:07:00,s028,Room Tone,Echo Chamber,Electronic
00000000-0000-0000-0000-000000000422,2024-07-11 20:12:00,s048,Sunbaked,Desert Bloom,Folk
00000000-0000-0000-0000-000000000422,2024-10-08 08:52:00,s031,Still Water,Glass Harbor,Ambient
00000000-0000-0000-0000-000000000422,2024-10-29 09:31:00,s012,Sunday Haze,The Velvet Underground Revival,Indie Rock
00000000-0000-0000-0000-000000000422,2024-10-31 11:47:00,s011,Pale Curtain,The Velvet Underground Revival,Indie Rock
00000000-0000-0000-0000-000000000422,2024-11-07 22:03:00,s031,Still Water,Glass Harbor,Ambient
00000000-0000-0000-0000-000000000423,2024-01-01 14:17:00,s028,Room Tone,Echo Chamber,Electronic
00000000-0000-0000-0000-000000000423,2024-01-03 03:49:00,s030,Quiet Noise,Echo Chamber,Electronic
00000000-0000-0000-0000-000000000423,2024-01-07 06:05:00,s026,Reverberation,Echo Chamber,Electronic
00000000-0000-0000-0000-000000000423,2024-01-21 00:03:00,s041,Dead Channel,Lunar Static,Electronic
00000000-0000-0000-0000-000000000423,2024-01-21 00:25:00,s015,Slow Burn,The Velvet Underground Revival,Indie Rock
00000000-0000-0000-0000-000000000423,2024-01-25 01:34:00,s009,Electric Blue,Neon Drift,Electronic
00000000-0000-0000-0000-000000000423,2024-02-09 13:15:00,s040,Coda,The Wandering Keys,Jazz
00000000-0000-0000-0000-000000000423,2024-03-19 11:45:00,s007,Neon Rain,Neon Drift,Electronic
00000000-0000-0000-0000-000000000423,2024-03-23 03:47:00,s001,Northern Lights,Aurora Skies,Ambient
00000000-0000-0000-0000-000000000423,2024-03-29 22:38:00,s020,Ochre Light,Sol Collective,Folk
00000000-0000-0000-0000-000000000423,2024-04-02 14:04:00,s006,City Pulse,Neon Drift,Electronic
00000000-0000-0000-0000-000000000423,2024-04-13 14:07:00,s030,Quiet Noise,Echo Chamber,Electronic
00000000-0000-0000-0000-000000000423,2024-04-14 01:42:00,s031,Still Water,Glass Harbor,Ambient
00000000-0000-0000-0000-000000000423,2024-04-18 06:16:00,s047,Cactus Flower,Desert Bloom,Folk
00000000-0000-0000-0000-000000000423,2024-04-30 05:24:00,s035,Morning Fog,Glass Harbor,Ambient
00000000-0000-0000-0000-000000000423,2024-05-14 20:21:00,s018,Red Horizon,Sol Collective,Folk
00000000-0000-0000-0000-000000000423,2024-05-29 23:27:00,s033,The Pier,Glass Harbor,Ambient
00000000-0000-0000-0000-000000000423,2024-07-08 02:52:00,s022,Third Meridian,Midnight Atlas,Indie Rock
00000000-0000-0000-0000-000000000423,2024-07-24 01:13:00,s049,Arroya,Desert Bloom,Folk
00000000-0000-0000-0000-000000000423,2024-08-02 17:12:00,s013,Bitter Honey,The Velvet Underground Revival,Indie Rock
00000000-0000-0000-0000-000000000423,2024-08-25 19:07:00,s031,Still Water,Glass Harbor,Ambient
00000000-0000-0000-0000-000000000423,2024-09-08 00:19:00,s041,Dead Channel,Lunar Static,Electronic
00000000-0000-0000-0000-000000000423,2024-09-20 17:21:00,s037,Pentatonic Dreams,The Wandering Keys,Jazz
00000000-0000-0000-0000-000000000423,2024-10-10 14:17:00,s021,Compass Rose,Midnight Atlas,Indie Rock
00000000-0000-0000-0000-000000000423,2024-10-18 22:18:00,s017,Sand and Sky,Sol Collective,Folk
00000000-0000-0000-0000-000000000423,2024-11-02 12:25:00,s046,First Rain,Desert Bloom,Folk
00000000-0000-0000-0000-000000000423,2024-11-07 23:36:00,s031,Still Water,Glass Harbor,Ambient
00000000-0000-0000-0000-000000000423,2024-11-30 01:10:00,s035,Morning Fog,Glass Harbor,Ambient
00000000-0000-0000-0000-000000000423,2024-12-03 17:43:00,s045,White Static,Lunar Static,Electronic
00000000-0000-0000-0000-000000000424,2024-01-17 13:36:00,s009,Electric Blue,Neon Drift,Electronic
00000000-0000-0000-0000-000000000424,2024-01-24 12:32:00,s039,Bridge Section,The Wandering Keys,Jazz
00000000-0000-0000-0000-000000000424,2024-01-28 14:29:00,s028,Room Tone,Echo Chamber,Electronic
00000000-0000-0000-0000-000000000424,2024-02-02 17:40:00,s028,Room Tone,Echo Chamber,Electronic
00000000-0000-0000-0000-000000000424,2024-02-03 23:53:00,s031,Still Water,Glass Harbor,Ambient
00000000-0000-0000-0000-000000000424,2024-02-15 04:07:00,s016,Desert Dawn,Sol Collective,Folk
00000000-0000-0000-0000-000000000424,2024-02-17 16:58:00,s015,Slow Burn,The Velvet Underground Revival,Indie Rock
00000000-0000-0000-0000-000000000424,2024-03-13 06:38:00,s001,Northern Lights,Aurora Skies,Ambient
00000000-0000-0000-0000-000000000424,2024-03-28 06:35:00,s042,Frequency,Lunar Static,Electronic
00000000-0000-0000-0000-000000000424,2024-03-30 00:42:00,s010,Infrared,Neon Drift,Electronic
00000000-0000-0000-0000-000000000424,2024-04-06 16:49:00,s032,Low Tide,Glass Harbor,Ambient
00000000-0000-0000-0000-000000000424,2024-04-09 21:10:00,s040,Coda,The Wandering Keys,Jazz
00000000-0000-0000-0000-000000000424,2024-04-15 09:29:00,s019,The Long Road,Sol Collective,Folk
00000000-0000-0000-0000-000000000424,2024-04-17 18:34:00,s044,Noise Floor,Lunar Static,Electronic
00000000-0000-0000-0000-000000000424,2024-05-02 06:08:00,s028,Room Tone,Echo Chamber,Electronic
00000000-0000-0000-0000-000000000424,2024-05-07 01:01:00,s020,Ochre Light,Sol Collective,Folk
00000000-0000-0000-0000-000000000424,2024-06-23 07:09:00,s026,Reverberation,Echo Chamber,Electronic
00000000-0000-0000-0000-000000000424,2024-07-15 12:42:00,s033,The Pier,Glass Harbor,Ambient
00000000-0000-0000-0000-000000000424,2024-07-19 04:57:00,s049,Arroya,Desert Bloom,Folk
00000000-0000-0000-0000-000000000424,2024-08-23 23:39:00,s047,Cactus Flower,Desert Bloom,Folk
00000000-0000-0000-0000-000000000424,2024-08-30 03:21:00,s049,Arroya,Desert Bloom,Folk
00000000-0000-0000-0000-000000000424,2024-09-11 04:27:00,s038,The Cadenza,The Wandering Keys,Jazz
00000000-0000-0000-0000-000000000424,2024-09-13 02:39:00,s036,Minor Key,The Wandering Keys,Jazz
00000000-0000-0000-0000-000000000424,2024-10-13 22:51:00,s048,Sunbaked,Desert Bloom,Folk
00000000-0000-0000-0000-000000000424,2024-10-26 18:23:00,s034,Salt Air,Glass Harbor,Ambient
00000000-0000-0000-0000-000000000424,2024-11-03 11:44:00,s035,Morning Fog,Glass Harbor,Ambient
00000000-0000-0000-0000-000000000424,2024-11-14 12:46:00,s046,First Rain,Desert Bloom,Folk
00000000-0000-0000-0000-000000000424,2024-11-24 01:40:00,s013,Bitter Honey,The Velvet Underground Revival,Indie Rock
00000000-0000-0000-0000-000000000424,2024-12-09 14:03:00,s022,Third Meridian,Midnight Atlas,Indie Rock
00000000-0000-0000-0000-000000000424,2024-12-19 07:08:00,s009,Electric Blue,Neon Drift,Electronic
